cod_empresa|alerta|sequencia|num_programa|data_programa|cod_equip|num_ordem|ies_situa|cod_item_cliente|cod_item|operacao|qtd_planej|qtd_boas|horas_necessarias|qtd_percentual|obs_alerta
01|0|10|29362|2022-09-27 16:39:28|PR-0438|13857028|2|26288026(1)|100000054501|004 - ESTAMPAR CPL. PROGRESSIVA|20000|0|7,005|0|
01|0|02|29365|2022-09-27 16:41:13|PR-0065|13853991|4|26242861/862|10000005510010|003 - CORTAR BLANK|2800|0|1,806|0|
01|0|02|29366|2022-09-27 16:42:24|PR-0446|13862710|4|26242861  LE|100000055100|010 - ESTAMPAR EM 06 ESTAGIOS|2400|0|11,429|0|
01|0|02|29366|2022-09-27 16:42:24|PR-0446|13850001|4|26242862 LD|100000055200|010 - ESTAMPAR EM 06 ESTAGIOS|2400|0|11,429|0|
01|0|04|29374|2022-09-27 16:57:11|PR-0446|13862591|2|52131286|10000004960120|014 - REPUXAR|2000|0|8,333|0|
01|0|04|29374|2022-09-27 16:57:11|PR-0446|13862463|2|52131288|10000004970120|014 - REPUXAR|2000|0|8,333|0|
01|0|05|29375|2022-09-27 16:58:16|PR-0446|13862441|2|52131286|10000004960130|006 - ESTAMPAR EM 02 ESTAGIOS|2000|0|10|0|
01|0|05|29375|2022-09-27 16:58:16|PR-0446|13861840|2|52131288|10000004970130|006 - ESTAMPAR EM 02 ESTAGIOS|2000|0|10|0|
01|0|04|29377|2022-09-27 16:59:18|PR-0430|13861818|2|52131286|100000049601|006 - ESTAMPAR EM 02 ESTAGIOS|2000|0|7,692|0|
01|0|04|29377|2022-09-27 16:59:18|PR-0430|13860186|2|52131288|100000049701|006 - ESTAMPAR EM 02 ESTAGIOS|2000|0|7,692|0|
01|0|01|29378|2022-09-27 17:00:32|PR-0420|13849463|4|52020023 LE|100000040800|007 - ESTAMPAR EM 03 ESTAGIOS|3000|1138|7,162|0,379|
01|0|01|29378|2022-09-27 17:00:32|PR-0420|13849471|4|52020027 LD|100000040900|007 - ESTAMPAR EM 03 ESTAGIOS|3000|1138|7,162|0,379|
01|0|01|30189|2022-10-04 12:01:25|SP-0443|13929118|4|533272410|87000032510020|043 - PONTEAR ABA|12000|0|63,158|0|
01|0|03|30193|2022-10-04 12:07:44|SP-0463|13929122|3|520043110|87000030740030|060 - SOLDAR PARAFUSO PROJECAO|4000|0|9,804|0|
12|0|03|30117|2022-10-03 16:57:40|SP-0452|12308952|4|534895820 LE|87000031790010|055 - MONTAR COMP.E SOLDAR PONTO|250|0|2,5|0|
12|0|04|30118|2022-10-03 16:58:16|SP-0452|12303896|2|534895820 LE|87000031790020|060 - SOLDAR PARAFUSO PROJECAO|250|0|1,25|0|
01|0|02|30120|2022-10-03 17:20:30|SP-0465|13923649|4|26240508|100000054804|035 - SOLDAR PORCA|1500|0|5,172|0|
01|0|10|30122|2022-10-03 18:51:09|PR-0434|13920683|2|26276044     LD|100000057800|004 - ESTAMPAR CPL. PROGRESSIVA|6000|0|5,343|0|
01|0|10|30122|2022-10-03 18:51:09|PR-0434|13920689|2|26276045    LE|100000057900|004 - ESTAMPAR CPL. PROGRESSIVA|6000|0|5,343|0|
01|0|03|30125|2022-10-03 21:26:35|SP-0461|13921084|4|52169075 LD|10000006660020|035 - SOLDAR PORCA|400|0|1,29|0|
01|0|04|29425|2022-09-28 08:30:29|PR-0412|13865026|2|68513T9AA LD|570002000100|008 - ESTAMPAR EM 04 ESTAGIOS|1150|0|4,6|0|
01|0|04|29425|2022-09-28 08:30:29|PR-0412|13865028|2|68563T9AA LE|570002000200|008 - ESTAMPAR EM 04 ESTAGIOS|1150|0|4,6|0|
01|0|06|29427|2022-09-28 08:35:26|PR-0432|13865079|2|71137T9AT000H1|570002004100|007 - ESTAMPAR EM 03 ESTAGIOS|1400|0|4,636|0|
01|0|03|30194|2022-10-04 12:10:22|RM-0009|13929123|3|B3G-F7412-00|16000060730010|037 - MONTAR E SOLDAR MIG|2000|0|47,619|0|
12|0|42|30130|2022-10-03 22:32:55|RP-0003|12302998|4|534164550 LE|870000324100|038 - MONTAR CJ. FINAL|400|401|0|1,003|
12|0|42|30130|2022-10-03 22:32:55|RP-0003|12302977|4|534164540 LD|870000324000|038 - MONTAR CJ. FINAL|400|399|0,014|0,998|
01|0|01|29446|2022-09-28 10:15:06|RP-0004|13872252|4|509283660|87000031350310|055 - MONTAR COMP.E SOLDAR PONTO|500|513|0|1,026|
01|0|08|29447|2022-09-28 10:24:07|PR-0129|13872121|2|520235110(1)|870000305801|004 - ESTAMPAR CPL. PROGRESSIVA|12464|0|3,047|0|
01|0|08|29449|2022-09-28 10:26:57|PR-0438|13605203|2|520450460|870000312700|004 - ESTAMPAR CPL. PROGRESSIVA|12000|0|7,357|0|
01|0|01|29450|2022-09-28 10:28:01|PR-0065|13775792|4|552213360|87000031050010|004 - ESTAMPAR CPL. PROGRESSIVA|12000|15578|0|1,298|
01|0|04|30195|2022-10-04 12:11:33|TK-0002|13929124|4|26227972|10000005420010|036 - SOLDAR PINO|1500|610|5,235|0,407|
01|0|06|29456|2022-09-28 11:37:00|PR-0065|13872111|4|520235320|87000030550110|004 - ESTAMPAR CPL. PROGRESSIVA|83728|18830|26,274|0,225|
01|0|05|30136|2022-10-04 05:54:19|PR-0431|13929087|2|777050A020|51000350270020|009 - ESTAMPAR EM 05 ESTAGIOS|2000|0|6,061|0|
01|0|01|30137|2022-10-04 05:58:11|PR-0129|13929088|4|72001927|110000319000|004 - ESTAMPAR CPL. PROGRESSIVA|12000|2902|3,99|0,242|
01|0|10|30138|2022-10-04 06:09:31|PR-0447|13929089|2|6314402280|510003503200|004 - ESTAMPAR CPL. PROGRESSIVA|3000|0|3,125|0|
01|0|09|30140|2022-10-04 06:14:27|PR-0447|13929091|2|6712302310 LD|510003502800|004 - ESTAMPAR CPL. PROGRESSIVA|3000|0|3,571|0|
01|0|13|30142|2022-10-04 06:18:12|PR-0447|13929092|2|67122_BX000|52000195020110|003 - CORTAR BLANK|2500|0|2,427|0|
01|0|14|30143|2022-10-04 06:18:48|PR-0447|13929093|2|67122_BX000|520001950201|008 - ESTAMPAR EM 04 ESTAGIOS|2500|0|9,615|0|
01|0|11|30145|2022-10-04 06:26:24|PR-0434|13929094|2|460896781R_PC01|620000173301|004 - ESTAMPAR CPL. PROGRESSIVA|10000|0|6,944|0|
01|0|02|30149|2022-10-04 07:19:31|RM-0009|13929099|4|B3G-F7211-00|16000060720010|037 - MONTAR E SOLDAR MIG|1700|0|28,333|0|
01|0|01|30151|2022-10-04 07:29:58|SP-0454|13929101|4|67361K1010|510003501200|035 - SOLDAR PORCA|4000|0|12,539|0|
01|0|01|30152|2022-10-04 07:33:11|TK-0001|13929102|4|52102519|10000004050010|060 - SOLDAR PARAFUSO PROJECAO|1500|730|8,556|0,487|
01|0|03|30153|2022-10-04 07:36:54|TK-0002|13929103|4|26228172|100000056001|036 - SOLDAR PINO|2000|0|15,385|0|
01|0|02|30154|2022-10-04 07:52:39|SP-0434|13929105|3|589940D060|510003503401|035 - SOLDAR PORCA|200|0|2,222|0|
01|0|01|30156|2022-10-04 07:56:20|SP-0434|13929106|4|589960D220|510003503402|035 - SOLDAR PORCA|4248|2155|5,657|0,507|
01|0|08|29515|2022-09-28 15:49:25|PR-0437|13867282|2|26227992|100000055301|004 - ESTAMPAR CPL. PROGRESSIVA|10000|0|5,988|0|
01|0|08|29515|2022-09-28 15:49:25|PR-0437|13867288|2|26227994|100000055401|004 - ESTAMPAR CPL. PROGRESSIVA|10000|0|5,988|0|
01|0|01|30160|2022-10-04 08:53:55|PR-0267|13929108|4|5RM-F7425-00|16000060570320|004 - ESTAMPAR CPL. PROGRESSIVA|7824|0|8,993|0|
01|0|08|29572|2022-09-29 08:32:27|PR-0444|13879108|2|519884150 LD|870000322600|008 - ESTAMPAR EM 04 ESTAGIOS|11200|0|56|0|
01|0|08|29572|2022-09-29 08:32:27|PR-0444|13879127|2|519884160 LE|870000322700|008 - ESTAMPAR EM 04 ESTAGIOS|11200|0|56|0|
12|0|01|30170|2022-10-04 10:45:45|RM-0002|12317679|4|53489540 LD|870000319204|037 - MONTAR E SOLDAR MIG|400|244|1,418|0,61|
12|0|01|30170|2022-10-04 10:45:45|RM-0002|12318772|4|53489595 LE|870000319404|037 - MONTAR E SOLDAR MIG|400|394|0,055|0,985|
01|0|01|29559|2022-09-29 06:50:38|SP-0432|13888673|4|4B4-F7422-00|16000060570005|035 - SOLDAR PORCA|1661|0|5,828|0|
01|0|02|29562|2022-09-29 06:57:23|SP-0432|13887510|4|4B4-F7422-00|16000060570010|035 - SOLDAR PORCA|1661|0|8,305|0|
01|0|02|30206|2022-10-04 12:41:54|RP-0004|13929136|4|522225730|87000033020020|055 - MONTAR COMP.E SOLDAR PONTO|900|316|10,618|0,351|
01|0|03|30207|2022-10-04 12:43:22|RP-0004|13929137|3|521381440|87000031410010|055 - MONTAR COMP.E SOLDAR PONTO|2000|0|25|0|
01|0|04|30208|2022-10-04 12:43:35|RP-0004|13929138|3|509283650|87000031360310|055 - MONTAR COMP.E SOLDAR PONTO|900|0|11,25|0|
01|0|02|29569|2022-09-29 07:44:40|PR-0128|13882386|2|520458050(1)|870000311801|007 - ESTAMPAR EM 03 ESTAGIOS|6704|0|20,315|0|
01|0|36|29570|2022-09-29 08:00:19|BM-0004|13879078|4|534371170|870000318200|038 - MONTAR CJ. FINAL|350|0|1,458|0|
12|0|05|30175|2022-10-04 10:53:30|PR-0454|12315334|4|534901850 LD|870000326800|008 - ESTAMPAR EM 04 ESTAGIOS|310|0|1,55|0|
12|0|05|30175|2022-10-04 10:53:30|PR-0454|12315351|4|534902050 LE|870000326900|008 - ESTAMPAR EM 04 ESTAGIOS|310|0|1,55|0|
01|0|01|29579|2022-09-29 08:57:53|PR-0154|13888825|4|FA00ADB48240|87000031360220|003 - CORTAR BLANK|2500|1713|3,748|0,685|
01|0|03|30179|2022-10-04 10:58:40|PR-0443|13897320|4|26240497|100000054901|008 - ESTAMPAR EM 04 ESTAGIOS|3500|0|5,833|0|
01|0|03|29583|2022-09-29 09:05:52|PR-0154|13879784|4|52016840|100000038600|007 - ESTAMPAR EM 03 ESTAGIOS|2098|0|7,493|0|
01|0|01|29585|2022-09-29 09:12:52|PR-0446|13880298|4|98104347|100000052201|009 - ESTAMPAR EM 05 ESTAGIOS|1811|1216|2,975|0,671|
01|0|01|29585|2022-09-29 09:12:52|PR-0446|13880309|4|98104346|100000052301|009 - ESTAMPAR EM 05 ESTAGIOS|1811|847|4,82|0,468|
12|0|02|30181|2022-10-04 11:01:58|SP-0435|12314409|4|533464380|870000320600|035 - SOLDAR PORCA|800|805|0|1,006|
12|0|04|30182|2022-10-04 11:04:31|SP-0435|12319758|4|519000180 LD|870000323803|035 - SOLDAR PORCA|1000|1004|0|1,004|
01|0|06|29665|2022-09-29 15:22:14|PR-0434|13886830|2|52108068/069|10000004760210|014 - REPUXAR|1500|0|1,667|0|
12|0|05|30184|2022-10-04 11:11:45|SP-0435|12319863|2|519002640 LE|870000323903|035 - SOLDAR PORCA|1200|0|2,667|0|
01|0|03|30197|2022-10-04 12:17:13|SP-0440|13929126|3|64162-BX000|520001950109|035 - SOLDAR PORCA|1000|0|10|0|
01|0|01|30199|2022-10-04 12:21:00|SP-0446|13929128|4|26356948 LD|100000061800|055 - MONTAR COMP.E SOLDAR PONTO|2644|270|13,189|0,102|
01|0|01|30201|2022-10-04 12:22:34|SP-0438|13929130|4|61655K1010 LD|510003501500|035 - SOLDAR PORCA|2000|512|11,446|0,256|
01|0|03|30202|2022-10-04 12:24:50|SP-0432|13929131|4|520807010|87000031730040|060 - SOLDAR PARAFUSO PROJECAO|2000|836|4,656|0,418|
01|0|01|30203|2022-10-04 12:26:06|SP-0445|13915908|4|52107896/890|10000004750010|055 - MONTAR COMP.E SOLDAR PONTO|500|0|3,571|0|
01|0|02|30210|2022-10-04 12:55:58|RP-0006|13929139|4|52120742|100000045400|055 - MONTAR COMP.E SOLDAR PONTO|240|0|1,875|0|
12|0|03|30214|2022-10-04 14:35:38|SP-0435|12315046|4|533318760|870000325000|060 - SOLDAR PARAFUSO PROJECAO|8000|2000|8,571|0,25|
01|0|07|29632|2022-09-29 12:12:37|PR-0419|13880111|2|52131212|100000049300|008 - ESTAMPAR EM 04 ESTAGIOS|1303|0|4,009|0|
01|0|02|29633|2022-09-29 12:15:07|SP-0455|13879972|3|94755345|10000004460040|035 - SOLDAR PORCA|2700|0|18|0|
01|0|06|30220|2022-10-04 15:27:49|PR-0446|13929145|2|94762663|100000051600|007 - ESTAMPAR EM 03 ESTAGIOS|2000|0|8|0|
01|0|07|30221|2022-10-04 15:31:05|PR-0446|13929148|2|39005935_937|10000005330020|006 - ESTAMPAR EM 02 ESTAGIOS|1500|0|6|0|
01|0|08|30222|2022-10-04 15:32:57|PR-0446|13929147|2|39005935   LE|100000053300|007 - ESTAMPAR EM 03 ESTAGIOS|1500|0|7,143|0|
12|0|43|30240|2022-10-04 20:43:49|RP-0003|12314929|4|534981050 LD|870000323900|038 - MONTAR CJ. FINAL|200|277|0|1,385|
12|0|43|30240|2022-10-04 20:43:49|RP-0003|12314905|4|534981060 LE|870000323800|055 - MONTAR COMP.E SOLDAR PONTO|200|277|0|1,385|
12|0|50|30241|2022-10-04 21:05:17|PR-0453|12323446|4|534164520_530|87000032380120|014 - REPUXAR|2400|0|8|0|
01|0|08|30222|2022-10-04 15:32:57|PR-0446|13929149|2|39005937   LD|100000053400|007 - ESTAMPAR EM 03 ESTAGIOS|1500|0|7,143|0|
12|0|02|30223|2022-10-04 15:38:55|PR-0402|12321962|4|53489521 LD|87000031920520|008 - ESTAMPAR EM 04 ESTAGIOS|1400|700|3,182|0,5|
12|0|03|30224|2022-10-04 17:15:04|SP-0450|12324185|4|534898310|87000031840040|035 - SOLDAR PORCA|168|0|1,6|0|
12|0|02|30227|2022-10-04 17:18:04|RO-020|12314451|4|533318920 LE|870000320900|081 - CRAVAR PINO|1500|972|2,933|0,648|
12|0|05|30231|2022-10-04 17:33:01|TK-0007|12315984|4|534894510 LE|87000031890010|036 - SOLDAR PINO|75|0|0,872|0|
12|0|03|30232|2022-10-04 17:34:53|RM-0001|12317776|4|53489530 LD|870000319206|037 - MONTAR E SOLDAR MIG|300|295|0,04|0,983|
12|0|03|30232|2022-10-04 17:34:53|RM-0001|12318870|4|53489593 LE|870000319406|037 - MONTAR E SOLDAR MIG|300|298|0,016|0,993|
12|0|05|30233|2022-10-04 17:37:02|RM-0001|12320575|4|534949730|87000032840010|037 - MONTAR E SOLDAR MIG|216|90|4,667|0,417|
12|0|02|30235|2022-10-04 17:44:49|RM-0002|12317680|2|53489540 LD|870000319204|037 - MONTAR E SOLDAR MIG|400|0|3,636|0|
12|0|02|30235|2022-10-04 17:44:49|RM-0002|12318773|2|53489595 LE|870000319404|037 - MONTAR E SOLDAR MIG|400|0|3,636|0|
01|0|02|29660|2022-09-29 15:04:39|PR-0123|13879664|4|620527300A|880000760500|046 - FORMAR|3000|0|7,5|0|
12|0|03|30236|2022-10-04 17:45:25|RM-0002|12305675|4|53490336 LD|870000319203|037 - MONTAR E SOLDAR MIG|300|0|1,695|0|
01|0|03|29663|2022-09-29 15:12:06|PR-0444|13844506|4|94755855 LE|10000005920120|007 - ESTAMPAR EM 03 ESTAGIOS|1771|0|12,214|0|
01|0|03|29663|2022-09-29 15:12:06|PR-0444|13844517|4|94755856 LD|10000005930120|007 - ESTAMPAR EM 03 ESTAGIOS|1771|0|8,05|0|
01|0|07|29666|2022-09-29 15:22:59|PR-0439|13883231|2|52108068|100000047602|007 - ESTAMPAR EM 03 ESTAGIOS|1500|0|4,967|0|
01|0|07|29666|2022-09-29 15:22:59|PR-0439|13883242|2|52108069|100000047702|007 - ESTAMPAR EM 03 ESTAGIOS|1500|0|4,967|0|
01|0|05|29667|2022-09-29 15:25:50|PR-0154|13886412|2|52071249|100000032401|007 - ESTAMPAR EM 03 ESTAGIOS|3000|0|13,699|0|
01|0|05|29667|2022-09-29 15:25:50|PR-0154|13886431|2|52147460|100000032402|007 - ESTAMPAR EM 03 ESTAGIOS|3000|0|13,699|0|
01|0|05|29667|2022-09-29 15:25:50|PR-0154|13886498|2|52071248|100000032501|007 - ESTAMPAR EM 03 ESTAGIOS|3000|0|13,699|0|
01|0|05|29667|2022-09-29 15:25:50|PR-0154|13886510|2|52147461|100000032502|007 - ESTAMPAR EM 03 ESTAGIOS|3000|0|13,699|0|
12|0|03|30236|2022-10-04 17:45:25|RM-0002|12306772|4|53490335 LE|870000319403|037 - MONTAR E SOLDAR MIG|300|0|1,695|0|
12|0|02|30237|2022-10-04 17:46:31|PR-0454|12321726|4|53490375 LE|87000031910220|008 - ESTAMPAR EM 04 ESTAGIOS|800|855|0|1,069|
12|0|02|30237|2022-10-04 17:46:31|PR-0454|12321782|4|53490377 LD|87000031910320|008 - ESTAMPAR EM 04 ESTAGIOS|800|535|1,039|0,669|
01|0|01|30238|2022-10-04 17:52:41|PR-0252|13875520|4|94733067|10000003240520|007 - ESTAMPAR EM 03 ESTAGIOS|880|0|3,385|0|
01|0|01|30238|2022-10-04 17:52:41|PR-0252|13929153|4|94733077|10000003250520|007 - ESTAMPAR EM 03 ESTAGIOS|880|0|3,385|0|
12|0|50|30241|2022-10-04 21:05:17|PR-0453|12319697|4|534164520 LD|870000323801|007 - ESTAMPAR EM 03 ESTAGIOS|2400|1344|4,591|0,56|
12|0|50|30241|2022-10-04 21:05:17|PR-0453|12319827|4|534164530 LE|870000323901|007 - ESTAMPAR EM 03 ESTAGIOS|2400|1337|4,622|0,557|
12|0|01|30242|2022-10-04 21:49:00|RE-0032|12320225|4|531109730|870000328002|050 - REPASSAR FURO ESCAR.E ROSQUEAR|3000|0|9,375|0|
01|0|01|30243|2022-10-04 23:07:55|PR-0186|13929155|4|W10395476|610003503100|004 - ESTAMPAR CPL. PROGRESSIVA|65152|32500|5,937|0,499|
12|0|08|29697|2022-09-29 20:45:02|SP-0457|12266571|4|534903200 LD|870000320200|044 - SOLDAR BUCHA|500|0|1,429|0|
01|0|01|30252|2022-10-05 05:43:20|PR-0158|13939667|4|52017160|100000036703|007 - ESTAMPAR EM 03 ESTAGIOS|4000|728|9,349|0,182|
01|0|01|30252|2022-10-05 05:43:20|PR-0158|13940392|4|52156366|100000058903|007 - ESTAMPAR EM 03 ESTAGIOS|4000|728|9,349|0,182|
01|0|01|30253|2022-10-05 05:52:17|PR-0432|13936963|4|26247273|100000054807|007 - ESTAMPAR EM 03 ESTAGIOS|4000|274|15,525|0,069|
01|0|01|30253|2022-10-05 05:52:17|PR-0432|13936987|4|26240506|100000054808|007 - ESTAMPAR EM 03 ESTAGIOS|4000|274|15,525|0,069|
01|0|01|30253|2022-10-05 05:52:17|PR-0432|13937167|4|26247274|100000054907|007 - ESTAMPAR EM 03 ESTAGIOS|4000|274|15,525|0,069|
01|0|01|30253|2022-10-05 05:52:17|PR-0432|13937191|4|26240498|100000054908|007 - ESTAMPAR EM 03 ESTAGIOS|4000|274|15,525|0,069|
12|0|01|30257|2022-10-05 06:48:45|SP-0457|12329862|4|53490331 LD|870000319209|035 - SOLDAR PORCA|500|395|0,404|0,79|
01|0|02|30259|2022-10-05 06:56:14|PR-0437|13940105|4|26240512_504|10000005480310|003 - CORTAR BLANK|6926|0|2,352|0|
01|0|09|30260|2022-10-05 06:56:46|PR-0437|13940177|2|26240510 LD|10000005480910|003 - CORTAR BLANK|3202|0|2,053|0|
01|0|09|30260|2022-10-05 06:56:46|PR-0437|13940256|2|26240502 LE|10000005490910|003 - CORTAR BLANK|3903|0|2,502|0|
01|0|01|30261|2022-10-05 06:57:37|PR-0123|13938653|4|517169880|87000031070220|006 - ESTAMPAR EM 02 ESTAGIOS|3000|5548|0|1,849|
01|0|04|30264|2022-10-05 07:10:24|PR-0439|13942261|2|52043976|10000003360120|006 - ESTAMPAR EM 02 ESTAGIOS|2000|0|6,667|0|
01|0|05|30265|2022-10-05 07:10:57|PR-0439|13942122|2|52043976|100000037101|016 - FURAR|2000|0|4,762|0|
01|0|01|30266|2022-10-05 07:12:13|SP-0462|13937500|4|26228172|10000005600130|060 - SOLDAR PARAFUSO PROJECAO|2000|916|5,42|0,458|
01|0|03|29726|2022-09-30 06:17:45|PR-0435|13901635|4|52056310|100000034701|006 - ESTAMPAR EM 02 ESTAGIOS|1300|938|1,574|0,722|
01|0|03|29726|2022-09-30 06:17:45|PR-0435|13901685|4|52056314|100000034801|006 - ESTAMPAR EM 02 ESTAGIOS|1300|938|1,574|0,722|
01|0|09|29728|2022-09-30 06:23:50|PR-0446|13889865|2|39112277  LE|100000052700|011 - ESTAMPAR EM 07 ESTAGIOS|800|0|3,333|0|
01|0|02|30267|2022-10-05 07:13:10|RM-0007|13938527|3|520171070|87000030520020|037 - MONTAR E SOLDAR MIG|4051|0|27,938|0|
01|0|01|29731|2022-09-30 06:34:08|SP-0451|13894599|4|52169075 LD|10000006660030|055 - MONTAR COMP.E SOLDAR PONTO|700|0|25,926|0|
01|0|02|29732|2022-09-30 06:35:53|SP-0451|13902690|3|52169078 LE|10000006670030|055 - MONTAR COMP.E SOLDAR PONTO|700|0|25,926|0|
01|0|03|29735|2022-09-30 06:54:14|SP-0443|13900988|3|64171-BX000 LE|52000195011220|043 - PONTEAR ABA|4342|0|17,368|0|
12|0|01|29884|2022-10-01 05:48:55|CELROB-UND1|12289779|4|534902650|870000318500|055 - MONTAR COMP.E SOLDAR PONTO|720|357|40,333|0,496|
01|0|04|30268|2022-10-05 07:13:44|PR-0158|13931142|2|2G5827445 LE|400001502300|009 - ESTAMPAR EM 05 ESTAGIOS|3500|0|12,069|0|
01|0|01|26105|2022-08-30 07:11:40|PR-0421|13526937|4|501464350|87000032850020|008 - ESTAMPAR EM 04 ESTAGIOS|4000|0|14,815|0|
01|0|04|30268|2022-10-05 07:13:44|PR-0158|13931151|2|2G5827446 LD|400001502400|009 - ESTAMPAR EM 05 ESTAGIOS|3500|0|12,069|0|
01|0|01|30269|2022-10-05 07:16:56|PR-0251|13940280|4|26227977|10000005570310|003 - CORTAR BLANK|2735|0|2,279|0|
01|0|01|29953|2022-10-01 13:15:03|PR-0439|13909641|4|94763437|100000039301|007 - ESTAMPAR EM 03 ESTAGIOS|2200|1394|2,687|0,634|
01|0|02|29740|2022-09-30 06:59:34|PR-0158|13899446|4|534984950|870000328301|007 - ESTAMPAR EM 03 ESTAGIOS|3000|0|8,333|0|
01|0|04|29741|2022-09-30 07:00:22|RM-0003|13895092|3|COMP2542|54000380010020|037 - MONTAR E SOLDAR MIG|3073|0|12,051|0|
01|0|03|29742|2022-09-30 07:01:57|RM-0007|13895320|3|65763-TFT-H000-H1|570002010907|037 - MONTAR E SOLDAR MIG|1000|0|6,944|0|
01|0|04|29743|2022-09-30 07:04:41|RM-0007|13895311|2|65762-TFT-H000-H1|570002010905|037 - MONTAR E SOLDAR MIG|1000|0|12,821|0|
01|0|01|30270|2022-10-05 07:18:13|SP-0460|13931989|4|467880620|870000309900|035 - SOLDAR PORCA|10826|8930|2,873|0,825|
01|0|02|30271|2022-10-05 07:24:55|SP-0438|13933602|3|26227899|100000054302|035 - SOLDAR PORCA|6000|0|15|0|
01|0|03|30272|2022-10-05 07:26:03|PR-0251|13942223|2|FA00ADB48240/245|87000031350210|001 - CORTAR TIRAS|2638|0|6,852|0|
01|1|03|30273|2022-10-05 07:34:01|PR-0420|13941008|4|520807010|87000031730020|009 - ESTAMPAR EM 05 ESTAGIOS|10000|1984|24,291|0,198|FERRAMENTA QUEBROU, PREVISÃO DE LIBERAÇÃO 06/10
01|0|09|30277|2022-10-05 07:41:31|PR-0438|13934665|2|53831_832K1010|51000350210010|003 - CORTAR BLANK|6000|0|3,871|0|
01|0|05|29940|2022-10-01 12:18:40|PR-0435|13911464|2|777050A010|51000350260020|008 - ESTAMPAR EM 04 ESTAGIOS|2556|0|9,129|0|
01|0|04|29755|2022-09-30 07:24:55|PR-0154|13894740|2|2G5827445_446|40000150230020|014 - REPUXAR|3500|0|11,29|0|
01|0|03|29756|2022-09-30 07:25:41|PR-0158|13901793|2|94763411|100000040501|007 - ESTAMPAR EM 03 ESTAGIOS|260|0|0,667|0|
01|0|06|29758|2022-09-30 07:27:29|SP-0454|13889490|4|52086578 LD|100000041900|035 - SOLDAR PORCA|2200|898|3,945|0,408|
01|0|08|30279|2022-10-05 07:42:23|BM-0008|13932761|4|509283650|870270313600|113 - SEPARAR E EMBALAR|640|0|4,923|0|
01|0|06|27041|2022-09-08 07:36:32|PR-0448|13662165|2|65165-T5N-M100-H1|570002006701|004 - ESTAMPAR CPL. PROGRESSIVA|3000|0|4,286|0|
01|0|02|29762|2022-09-30 08:19:01|BM-0001|13890946|4|A99924301|110000308900|088 - MONTAR E FECHAR SUB-CONJUNTO|1000|0|6,135|0|
01|0|02|29763|2022-09-30 08:19:53|MA-0001|13901971|3|1B2-F7200-00|16000060010610|037 - MONTAR E SOLDAR MIG|989|0|28,257|0|
01|0|18|29764|2022-09-30 08:24:36|BM-0010|13892940|4|520479600|870270312400|085 - REBITAR|12000|6000|15|0,5|
01|0|02|27096|2022-09-08 09:41:39|PR-0430|13657081|4|5U5827445  LE|400001501400|008 - ESTAMPAR EM 04 ESTAGIOS|2875|0|11,735|0|
01|0|12|29766|2022-09-30 08:33:59|PR-0447|13894813|2|611670A060 LD|49000216030010|004 - ESTAMPAR CPL. PROGRESSIVA|4000|0|5,714|0|
01|0|12|29766|2022-09-30 08:33:59|PR-0447|13894818|2|611680A060 LE|49000216040010|004 - ESTAMPAR CPL. PROGRESSIVA|4000|0|5,714|0|
12|0|03|29973|2022-10-01 15:54:33|PR-0440|12292293|4|53494303 LE|870000318901|004 - ESTAMPAR CPL. PROGRESSIVA|2840|2808|0,064|0,989|
12|0|23|29886|2022-10-01 05:50:50|CELROB-UND2|12291488|4|534895140|870000328200|055 - MONTAR COMP.E SOLDAR PONTO|720|600|13,333|0,833|
01|0|09|29773|2022-09-30 09:16:43|PR-0434|13894823|2|5128502060|510003500101|004 - ESTAMPAR CPL. PROGRESSIVA|3000|0|1,538|0|
01|0|05|29775|2022-09-30 09:20:07|PR-0426|13900873|2|61647K1010 LD/ 61648K1010 LE|51000350130010|003 - CORTAR BLANK|6000|0|2,362|0|
01|0|03|29776|2022-09-30 09:23:26|PR-0412|13895428|2|26228023 LE|630000176100|011 - ESTAMPAR EM 07 ESTAGIOS|10000|0|27,778|0|
01|0|03|29776|2022-09-30 09:23:26|PR-0412|13895445|2|26228037 LD|630000176200|011 - ESTAMPAR EM 07 ESTAGIOS|10000|0|27,778|0|
01|0|25|29781|2022-09-30 09:35:56|BM-0003|13892365|4|534840230|870000317000|072 - MONTAR E TRAVAR|5000|831|11,744|0,166|
01|0|03|29782|2022-09-30 09:38:14|RO-018|13893949|4|26288026|10000005450010|085 - REBITAR|6000|0|21,429|0|
01|0|28|29785|2022-09-30 09:54:17|BM-0011|13892133|4|1002406050|870000307800|065 - COLAR COMPONENTE|2000|0|30,769|0|
01|0|28|29786|2022-09-30 09:57:23|RO-017|13892345|4|501580990|870000316900|072 - MONTAR E TRAVAR|5000|5000|0|1|
01|0|01|29945|2022-10-01 12:52:05|SP-0456|13912148|4|520498750|87000030850010|060 - SOLDAR PARAFUSO PROJECAO|7000|0|18,667|0|
01|0|01|29960|2022-10-01 15:06:29|RP-0006|13902931|4|52120741|100000045300|055 - MONTAR COMP.E SOLDAR PONTO|2375|2006|2,883|0,845|
12|0|02|26446|2022-09-01 08:13:43|GL-0001|11964847|4|203086_203087|87000032720010|003 - CORTAR BLANK|3000|1755|6,044|0,585|
12|0|02|29795|2022-09-30 10:16:26|GR-0001|12279838|4|534900930 LE|87000031760030|207 - GRAVAR|300|0|1,667|0|
12|0|02|29802|2022-09-30 11:02:06|PR-0440|12287902|4|534895170 LE|870000328203|004 - ESTAMPAR CPL. PROGRESSIVA|2401|2387|0,023|0,994|
12|0|02|29802|2022-09-30 11:02:06|PR-0440|12287931|4|534895190 LD|870000328204|004 - ESTAMPAR CPL. PROGRESSIVA|2401|2387|0,023|0,994|
12|0|03|29973|2022-10-01 15:54:33|PR-0440|12292753|4|534943020 LD|870000319001|004 - ESTAMPAR CPL. PROGRESSIVA|2840|2808|0,064|0,989|
01|0|01|29974|2022-10-01 15:55:18|RP-0012|13905827|4|533770610|870000319900|043 - PONTEAR ABA|3000|2481|4,325|0,827|
12|0|02|29804|2022-09-30 11:09:35|PR-0433|12289244|4|FA00ADG05262_POS04|87000032840420|006 - ESTAMPAR EM 02 ESTAGIOS|500|533|0|1,066|
12|0|04|29806|2022-09-30 11:11:05|PR-0433|12288011|4|FA00ADG05262_POS04|870000328404|006 - ESTAMPAR EM 02 ESTAGIOS|500|544|0|1,088|
01|0|01|30289|2022-10-05 08:17:25|PR-0430|13930888|4|A96941202|110000330400|007 - ESTAMPAR EM 03 ESTAGIOS|4366|1424|12,258|0,326|
12|0|01|30291|2022-10-05 08:19:42|SP-0450|12326494|4|533277970 LE|870000321600|208 - SOLDAR PORCA E PARAFUSO|800|800|0|1|
12|0|02|30292|2022-10-05 08:20:24|SP-0450|12326478|4|533277860 LD|870000321500|208 - SOLDAR PORCA E PARAFUSO|800|809|0|1,011|
01|0|02|26600|2022-09-02 09:20:51|PR-0445|13584711|2|1C6-F725300|16000060020120|006 - ESTAMPAR EM 02 ESTAGIOS|909|0|2,98|0|
01|0|03|26601|2022-09-02 09:21:23|PR-0445|13584621|2|1C6-F725300-00|16000060020130|016 - FURAR|909|0|2,066|0|
01|0|01|30293|2022-10-05 08:23:31|PR-0128|13909100|4|552597070|87000031370010|018 - CALIBRAR|20000|4001|24,614|0,2|
12|0|04|30294|2022-10-05 08:32:03|PR-0454|12337403|4|534898310|87000031840020|006 - ESTAMPAR EM 02 ESTAGIOS|600|0|2,5|0|
01|0|03|26621|2022-09-02 12:03:46|PR-0431|13574319|2|60615-T7T-M000-H1|570002000802|010 - ESTAMPAR EM 06 ESTAGIOS|3528|0|9,882|0|
01|0|02|30295|2022-10-05 08:33:14|PR-0267|13941673|2|5RM-F7425-00|160000605703|024 - DOBRAR|8000|0|11,204|0|
01|0|01|29947|2022-10-01 12:55:38|SP-0466|13903992|4|85576816 LD|100000065500|208 - SOLDAR PORCA E PARAFUSO|1200|0|5,714|0|
12|0|05|30296|2022-10-05 08:33:51|PR-0450|12337113|4|534898310|87000031840030|008 - ESTAMPAR EM 04 ESTAGIOS|960|165|4,417|0,172|
01|0|01|29821|2022-09-30 12:28:17|RM-0009|13898127|4|B3G-F7422-00|16000060740010|037 - MONTAR E SOLDAR MIG|1337|1274|2,032|0,953|
12|0|03|30297|2022-10-05 08:35:14|PR-0440|12337419|4|534898310|87000031840010|003 - CORTAR BLANK|1359|674|0,856|0,496|
01|0|09|30298|2022-10-05 08:54:11|PR-0065|13936827|2|26269982|10000005460010|003 - CORTAR BLANK|12000|0|7,742|0|
01|0|01|29824|2022-09-30 12:57:16|MA-0001|13900851|4|41191451405|410002100303|037 - MONTAR E SOLDAR MIG|5000|0|22,727|0|
12|0|01|29825|2022-09-30 13:19:21|PR-0450|12287781|4|531109730|87000032800210|004 - ESTAMPAR CPL. PROGRESSIVA|6565|7758|0|1,182|
01|0|02|29830|2022-09-30 14:43:43|PR-0421|13902696|2|57411/57412-0A040|51000350510010|015 - RECORTAR|2000|0|8,333|0|
01|0|03|29832|2022-09-30 14:46:06|PR-0421|13898335|2|57411/57412-0A060|51000350510020|016 - FURAR|2000|0|8,333|0|
01|0|04|29833|2022-09-30 14:46:34|PR-0421|13895047|2|57411-0A040 LD (740B)|51000350510030|111 - FLANGEAR|2000|0|16,667|0|
01|0|04|29833|2022-09-30 14:46:34|PR-0421|13895054|2|57412-0A040 LE (740B)|51000350520030|111 - FLANGEAR|2000|0|16,667|0|
01|0|05|29834|2022-09-30 14:52:49|PR-0421|13891573|2|57411-0A040 LD (740B)|510003505100|111 - FLANGEAR|2000|0|16,667|0|
01|0|05|29834|2022-09-30 14:52:49|PR-0421|13891580|2|57412-0A040 LE (740B)|510003505200|111 - FLANGEAR|2000|0|16,667|0|
01|0|19|29835|2022-09-30 14:55:16|BM-0010|13892927|4|520235310|870270305500|085 - REBITAR|15000|4000|27,5|0,267|
01|0|05|27105|2022-09-08 10:33:44|PR-0420|13662540|2|60843T7AA|750000350201|008 - ESTAMPAR EM 04 ESTAGIOS|3500|0|8,75|0|
01|0|13|29836|2022-09-30 14:57:09|BM-0006|13892902|4|520273060|870270305300|065 - COLAR COMPONENTE|2000|0|28,571|0|
01|1|06|29837|2022-09-30 15:00:31|PR-0421|13887597|2|57411/57412-02270|51000350490010|015 - RECORTAR|695|0|2,896|0|SÓ TEM MATERIAL PARA 695 PÇS ,FALTA( BL-0020)
01|0|07|29838|2022-09-30 15:02:36|PR-0421|13898321|2|57411/57412-02270|51000350490020|016 - FURAR|695|0|2,896|0|
01|0|08|29839|2022-09-30 15:03:13|PR-0421|13895033|2|57411-02270 LD (360B)|51000350490030|111 - FLANGEAR|695|0|5,792|0|
01|0|08|29839|2022-09-30 15:03:13|PR-0421|13895040|2|57412-02270 LE (360B)|51000350500030|111 - FLANGEAR|695|0|5,792|0|
01|0|09|29840|2022-09-30 15:03:57|PR-0421|13891559|2|57411-02270 LD (360B)|510003504900|111 - FLANGEAR|695|0|5,792|0|
01|0|09|29840|2022-09-30 15:03:57|PR-0421|13891566|2|57412-02270 LE (360B)|510003505000|111 - FLANGEAR|695|0|5,792|0|
01|0|09|30298|2022-10-05 08:54:11|PR-0065|13936839|2|26269983|10000005470010|003 - CORTAR BLANK|12000|0|7,742|0|
01|0|02|30299|2022-10-05 08:55:40|PR-0442|13933744|2|26269982   LH LE|10000005460020|010 - ESTAMPAR EM 06 ESTAGIOS|12000|0|20|0|
01|0|02|30299|2022-10-05 08:55:40|PR-0442|13933756|2|26269983    RH LD|10000005470020|010 - ESTAMPAR EM 06 ESTAGIOS|12000|0|20|0|
01|0|05|30342|2022-10-05 12:09:34|PR-0444|13937669|2|26312794|10000006060120|008 - ESTAMPAR EM 04 ESTAGIOS|3000|0|15|0|
01|0|06|30301|2022-10-05 09:18:31|PR-0444|13939640|2|52.015.593|10000003420120|006 - ESTAMPAR EM 02 ESTAGIOS|1500|0|6,383|0|
01|0|04|30302|2022-10-05 09:20:46|PR-0443|13940093|2|26240511|10000005480220|009 - ESTAMPAR EM 05 ESTAGIOS|4000|0|7,692|0|
01|0|05|29855|2022-09-30 18:11:20|RP-0008|13893474|4|52147462 LH LE|100000048800|055 - MONTAR COMP.E SOLDAR PONTO|1000|312|22,194|0,312|
01|0|05|29855|2022-09-30 18:11:20|RP-0008|13894207|4|52157230   RH LD|100000059000|055 - MONTAR COMP.E SOLDAR PONTO|1000|312|22,194|0,312|
01|0|01|29856|2022-09-30 18:44:15|RP-0005|13889401|4|52015591|100000034200|055 - MONTAR COMP.E SOLDAR PONTO|4000|517|133,962|0,129|
01|0|01|29856|2022-09-30 18:44:15|RP-0005|13889401|4|52015591|100000034200|055 - MONTAR COMP.E SOLDAR PONTO|4000|517|158,318|0,129|
01|0|02|29857|2022-09-30 18:49:44|CELROB-GEM4|13894291|4|26307062   LD|100000060500|055 - MONTAR COMP.E SOLDAR PONTO|3660|1402|56,45|0,383|
01|0|02|29858|2022-09-30 18:53:52|CELROB-GEM5|13894272|4|26307061   LE|100000060400|055 - MONTAR COMP.E SOLDAR PONTO|3660|1404|56,4|0,384|
01|0|01|29859|2022-09-30 20:06:23|RP-0011|13891853|4|60630TFTH000|570002011400|055 - MONTAR COMP.E SOLDAR PONTO|400|0|9,091|0|
01|0|01|29860|2022-09-30 20:12:37|RP-0007|13896698|4|52147462|10000004880030|055 - MONTAR COMP.E SOLDAR PONTO|2000|0|68,966|0|
01|0|02|29861|2022-09-30 20:16:37|RP-0007|13897847|4|52157230|10000005900030|055 - MONTAR COMP.E SOLDAR PONTO|2000|0|71,429|0|
01|0|02|29863|2022-09-30 20:49:24|CELROB-GEM1|13894334|4|26327713|100000060800|055 - MONTAR COMP.E SOLDAR PONTO|4000|1144|71,4|0,286|
01|0|02|29864|2022-09-30 20:54:26|CELROB-HYUN|13895061|4|X64101-BX000|52000195010010|055 - MONTAR COMP.E SOLDAR PONTO|3000|48|147,6|0,016|
01|0|01|29866|2022-09-30 21:13:19|RP-0020|13897652|4|26290065|100000055708|037 - MONTAR E SOLDAR MIG|2415|0|53,667|0|
01|0|01|29866|2022-09-30 21:13:19|RP-0020|13897739|4|26290066|100000055715|037 - MONTAR E SOLDAR MIG|2415|0|53,667|0|
01|0|02|29867|2022-09-30 21:15:20|RP-0020|13897662|4|26227984|100000055709|037 - MONTAR E SOLDAR MIG|2419|0|53,756|0|
01|0|02|29867|2022-09-30 21:15:20|RP-0020|13897748|4|26252662|100000055716|037 - MONTAR E SOLDAR MIG|2419|0|53,756|0|
01|0|04|29868|2022-09-30 21:20:46|CELROB-GEM7|13890043|4|26228096|100000056000|055 - MONTAR COMP.E SOLDAR PONTO|5000|560|111|0,112|
01|0|03|29869|2022-09-30 21:28:57|CELROB-GEM2|13889942|4|26227972|100000054200|055 - MONTAR COMP.E SOLDAR PONTO|4000|1239|70,795|0,31|
01|0|04|29871|2022-09-30 21:39:40|CELROB-GEM2|13890154|4|26294527|100000060100|055 - MONTAR COMP.E SOLDAR PONTO|4000|1176|74,316|0,294|
01|0|05|29872|2022-09-30 21:42:29|CELROB-GEM3|13890177|4|26312793|100000060600|055 - MONTAR COMP.E SOLDAR PONTO|4000|828|90,629|0,207|
01|0|03|29873|2022-09-30 21:47:13|CELROB-GMI6|13894390|4|85523828 LE|100000061600|043 - PONTEAR ABA|3000|536|82,133|0,179|
01|0|04|29874|2022-09-30 21:49:44|CELROB-GMI6|13894359|4|85523826 LD|100000061500|043 - PONTEAR ABA|3000|536|82,133|0,179|
01|0|08|29920|2022-10-01 10:29:33|PR-0065|13906540|2|94763865|100000041601|007 - ESTAMPAR EM 03 ESTAGIOS|7623|0|22,892|0|
01|0|04|30302|2022-10-05 09:20:46|PR-0443|13940195|2|26240503|10000005490220|009 - ESTAMPAR EM 05 ESTAGIOS|4000|0|7,692|0|
01|0|01|29899|2022-10-01 07:35:04|SP-0470|13909930|4|52147462|10000004880020|055 - MONTAR COMP.E SOLDAR PONTO|900|769|2,047|0,854|
12|0|16|29883|2022-09-30 23:51:26|CELROB-LONG|12278245|4|534895200 LD|870000319200|055 - MONTAR COMP.E SOLDAR PONTO|720|555|16,5|0,771|
12|0|16|29883|2022-09-30 23:51:26|CELROB-LONG|12278316|4|534895720 LE|870000319400|055 - MONTAR COMP.E SOLDAR PONTO|720|577|14,3|0,801|
01|0|02|26871|2022-09-06 07:30:45|PR-0426|13631516|4|463442980|87000031630010|004 - ESTAMPAR CPL. PROGRESSIVA|16900|0|9,769|0|
01|0|05|26872|2022-09-06 07:33:51|PR-0437|13631714|2|501580990|87000031690010|004 - ESTAMPAR CPL. PROGRESSIVA|12000|0|7,229|0|
12|0|28|29887|2022-10-01 05:55:14|CELROB-UND3|12289985|4|534896710|870000319100|069 - SOLDAR PONTOS|720|528|21,333|0,733|
01|0|01|30305|2022-10-05 09:35:26|SP-0465|13923855|4|26240500|100000054904|035 - SOLDAR PORCA|1900|1309|2,059|0,689|
12|0|16|29890|2022-10-01 06:15:59|CELROB-UND4|12289873|4|534894510 LE|870000318900|055 - MONTAR COMP.E SOLDAR PONTO|720|577|15,889|0,801|
12|0|16|29890|2022-10-01 06:15:59|CELROB-UND4|12289929|4|534894480 LD|870000319000|055 - MONTAR COMP.E SOLDAR PONTO|720|576|16|0,8|
01|0|02|30309|2022-10-05 09:41:03|SP-0452|13937238|4|26227975|100000055701|008 - ESTAMPAR EM 04 ESTAGIOS|3000|0|14,286|0|
01|0|02|30309|2022-10-05 09:41:03|SP-0452|13937262|4|26227976|100000055702|008 - ESTAMPAR EM 04 ESTAGIOS|3000|0|14,286|0|
12|0|02|30309|2022-10-05 09:41:02|SP-0452|12328807|4|53490375 LE|870000319102|035 - SOLDAR PORCA|320|0|1,067|0|
01|0|04|29901|2022-10-01 07:39:15|SP-0461|13907883|4|52169078 LE|10000006670020|055 - MONTAR COMP.E SOLDAR PONTO|600|0|1,935|0|
01|0|05|30310|2022-10-05 09:42:05|PR-0065|13931788|2|W11411842 LD|610003502900|004 - ESTAMPAR CPL. PROGRESSIVA|8000|0|8|0|
01|0|04|30311|2022-10-05 09:42:21|PR-0065|13931790|2|W11411845 LE|610003503000|004 - ESTAMPAR CPL. PROGRESSIVA|8000|0|7,729|0|
01|0|12|30312|2022-10-05 09:43:36|PR-0434|13931768|2|W11120912|610003502200|004 - ESTAMPAR CPL. PROGRESSIVA|3000|0|2,899|0|
01|0|01|29903|2022-10-01 07:44:58|SP-0447|13902822|4|52086564|100000042500|035 - SOLDAR PORCA|2980|1395|7,548|0,468|
12|0|01|30313|2022-10-05 09:43:48|SP-0452|12328861|4|53490377 LD|870000319103|035 - SOLDAR PORCA|320|318|0,007|0,994|
01|0|05|30315|2022-10-05 09:44:12|PR-0434|13931122|2|2G5810221 LE|400001502100|004 - ESTAMPAR CPL. PROGRESSIVA|4000|0|3,67|0|
01|0|05|30315|2022-10-05 09:44:12|PR-0434|13931132|2|2G5810222 LD|400001502200|004 - ESTAMPAR CPL. PROGRESSIVA|4000|0|3,67|0|
01|0|05|30316|2022-10-05 09:46:00|PR-0186|13940571|2|41191450605|410002100304|004 - ESTAMPAR CPL. PROGRESSIVA|16000|0|6,452|0|
12|0|19|30318|2022-10-05 09:52:54|PR-0428|12335688|4|FA00ADG05262_POS02|870000328402|009 - ESTAMPAR EM 05 ESTAGIOS|2000|406|6,376|0,203|
01|0|02|30319|2022-10-05 09:54:18|PR-0085|13849417|2|4B4F787600|160000605802|003 - CORTAR BLANK|4000|0|7,018|0|
01|0|02|30320|2022-10-05 09:56:06|PR-0431|13936886|4|26240512|100000054803|007 - ESTAMPAR EM 03 ESTAGIOS|4000|0|16,667|0|
01|0|09|29916|2022-10-01 09:31:14|PR-0129|13904527|2|1STF211100 LE|160000606400|004 - ESTAMPAR CPL. PROGRESSIVA|12045|0|6,844|0|
01|0|02|29918|2022-10-01 09:40:13|PR-0251|13909369|4|519884150_160|87000032260010|003 - CORTAR BLANK|11276|4566|7,456|0,405|
12|0|01|29921|2022-10-01 10:31:40|SP-0435|12291011|4|533318760|870000325000|060 - SOLDAR PARAFUSO PROJECAO|8200|8167|0,047|0,996|
01|0|02|30320|2022-10-05 09:56:06|PR-0431|13937010|4|26240510|100000054809|007 - ESTAMPAR EM 03 ESTAGIOS|4000|0|16,667|0|
01|0|02|30320|2022-10-05 09:56:06|PR-0431|13937091|4|26240504|100000054903|007 - ESTAMPAR EM 03 ESTAGIOS|4000|0|16,667|0|
01|0|02|30320|2022-10-05 09:56:06|PR-0431|13937214|4|26240502|100000054909|007 - ESTAMPAR EM 03 ESTAGIOS|4000|0|16,667|0|
01|0|06|30321|2022-10-05 09:57:33|PR-0426|13934586|2|61615_616K1010 LD/LE|49000216010010|003 - CORTAR BLANK|6000|0|3,896|0|
01|0|03|29927|2022-10-01 10:47:48|SP-0433|13915909|3|52169078 LE|10000006670040|055 - MONTAR COMP.E SOLDAR PONTO|700|0|17,5|0|
01|0|15|30323|2022-10-05 09:58:54|PR-0447|13931180|2|61615K1010 LD|490002160100|009 - ESTAMPAR EM 05 ESTAGIOS|3000|0|13,636|0|
01|0|01|29933|2022-10-01 11:50:30|RM-0005|13915878|4|520235110|87000030580010|037 - MONTAR E SOLDAR MIG|2012|0|21,179|0|
01|0|15|30323|2022-10-05 09:58:54|PR-0447|13931187|2|61616K1010 LE|490002160200|009 - ESTAMPAR EM 05 ESTAGIOS|3000|0|13,636|0|
01|0|01|29942|2022-10-01 12:35:28|PR-0431|13914969|4|52056388/94763437|10000003920120|014 - REPUXAR|2226|2239|0|1,006|
01|0|02|29948|2022-10-01 12:55:54|SP-0466|13903969|3|85576815 LE|100000065400|208 - SOLDAR PORCA E PARAFUSO|1200|0|5,714|0|
01|0|03|29949|2022-10-01 12:56:49|SP-0466|13904037|3|85576818|100000065700|208 - SOLDAR PORCA E PARAFUSO|2400|0|10,909|0|
01|0|02|27096|2022-09-08 09:41:39|PR-0430|13657084|4|5U5827446  LD|400001501500|008 - ESTAMPAR EM 04 ESTAGIOS|2875|0|11,735|0|
01|0|01|29953|2022-10-01 13:15:03|PR-0439|13913330|4|52056388|100000043201|007 - ESTAMPAR EM 03 ESTAGIOS|2200|918|4,273|0,417|
01|0|03|29954|2022-10-01 13:18:09|PR-0430|13906969|2|94713711|100000051402|009 - ESTAMPAR EM 05 ESTAGIOS|1920|0|6,982|0|
01|0|05|27105|2022-09-08 10:33:44|PR-0420|13662547|2|60943T7AA|750000350301|008 - ESTAMPAR EM 04 ESTAGIOS|3500|0|8,75|0|
01|0|03|29954|2022-10-01 13:18:09|PR-0430|13906992|2|94713712|100000051502|009 - ESTAMPAR EM 05 ESTAGIOS|2450|0|8,909|0|
01|0|03|29958|2022-10-01 15:00:40|RP-0006|13915911|4|52169078 LE|100000066700|055 - MONTAR COMP.E SOLDAR PONTO|800|0|42,105|0|
01|0|04|29959|2022-10-01 15:02:20|RP-0006|13915912|4|52169075 LD|100000066600|055 - MONTAR COMP.E SOLDAR PONTO|800|0|42,105|0|
12|0|52|30327|2022-10-05 10:20:08|PR-0453|12326392|4|533764800 LD|870000321100|007 - ESTAMPAR EM 03 ESTAGIOS|750|642|0,6|0,856|
12|0|52|30327|2022-10-05 10:20:08|PR-0453|12326420|4|533764810 LE|870000321200|007 - ESTAMPAR EM 03 ESTAGIOS|525|320|1,139|0,61|
12|0|53|30328|2022-10-05 10:20:53|PR-0453|12327516|4|522254200|870000329800|007 - ESTAMPAR EM 03 ESTAGIOS|225|161|0,376|0,716|
01|0|27|30329|2022-10-05 10:20:57|RO-016|13932562|4|552747160|870040306900|038 - MONTAR CJ. FINAL|3920|0|11,2|0|
12|0|09|30330|2022-10-05 10:21:33|SP-0457|12326190|4|534903210 LE|870000320300|044 - SOLDAR BUCHA|800|0|2,286|0|
01|0|02|29972|2022-10-01 15:53:00|RP-0001|13915913|4|518729620|870000309800|055 - MONTAR COMP.E SOLDAR PONTO|15000|4476|46,773|0,298|
01|0|01|29976|2022-10-01 15:56:26|RP-0014|13905118|3|65760-TFT-H000-H1|570002010900|055 - MONTAR COMP.E SOLDAR PONTO|341|0|6,686|0|
01|0|01|29978|2022-10-01 15:57:03|RP-0016|13915903|4|52138245 LE|100000050600|055 - MONTAR COMP.E SOLDAR PONTO|305|305|0|1|
01|0|01|29978|2022-10-01 15:57:03|RP-0016|13915904|4|52138249 LD|100000050700|055 - MONTAR COMP.E SOLDAR PONTO|305|305|0|1|
01|0|02|29980|2022-10-01 15:57:23|RP-0016|13906900|4|52138245 LE|100000050600|055 - MONTAR COMP.E SOLDAR PONTO|800|396|12,625|0,495|
01|0|02|29980|2022-10-01 15:57:23|RP-0016|13906911|4|52138249 LD|100000050700|055 - MONTAR COMP.E SOLDAR PONTO|800|396|12,625|0,495|
12|0|55|30333|2022-10-05 10:23:17|PR-0453|12326688|4|533275550 LD|870000323000|007 - ESTAMPAR EM 03 ESTAGIOS|1600|1059|1,932|0,662|
12|0|55|30333|2022-10-05 10:23:17|PR-0453|12326714|4|533275660 LE|870000323100|007 - ESTAMPAR EM 03 ESTAGIOS|1600|1059|1,932|0,662|
12|0|04|30335|2022-10-05 10:26:38|RM-0001|12329668|4|53489530 LD|870000319206|037 - MONTAR E SOLDAR MIG|400|387|0,103|0,968|
12|0|04|30335|2022-10-05 10:26:38|RM-0001|12330752|4|53489593 LE|870000319406|037 - MONTAR E SOLDAR MIG|400|402|0|1,005|
01|0|09|27153|2022-09-08 13:21:42|PR-0443|13666211|2|65761-3R4-M000-50|570002010301|009 - ESTAMPAR EM 05 ESTAGIOS|2000|0|3,333|0|
12|0|04|30336|2022-10-05 10:34:30|PR-0454|12335447|4|533275370|87000032430010|004 - ESTAMPAR CPL. PROGRESSIVA|2710|0|3,011|0|
01|0|02|30339|2022-10-05 11:50:39|PR-0252|13941964|2|94733064|10000003240420|006 - ESTAMPAR EM 02 ESTAGIOS|2000|0|6,452|0|
01|0|02|30339|2022-10-05 11:50:39|PR-0252|13941978|2|94733074|10000003250420|006 - ESTAMPAR EM 02 ESTAGIOS|2000|0|6,452|0|
01|0|07|30341|2022-10-05 12:08:20|PR-0443|13936709|2|26227973|100000054201|009 - ESTAMPAR EM 05 ESTAGIOS|3000|0|16,667|0|
12|0|03|30004|2022-10-01 19:32:07|RP-0003|12290868|4|534981060 LE|870000323800|055 - MONTAR COMP.E SOLDAR PONTO|210|210|0|1|
01|0|03|30343|2022-10-05 12:17:08|SP-0451|13915905|4|70200849|110000312400|055 - MONTAR COMP.E SOLDAR PONTO|1000|462|5,978|0,462|
01|0|01|30344|2022-10-05 12:18:46|SP-0461|13931252|4|61648K1010 LE|510003501400|035 - SOLDAR PORCA|1000|1000|0|1|
01|0|02|30345|2022-10-05 12:20:29|SP-0447|13942423|4|25194215|10000005100010|035 - SOLDAR PORCA|5000|0|16,667|0|
01|0|02|30510|2022-10-06 09:52:37|SP-0456|13948896|2|520447300      LD|87000030910010|035 - SOLDAR PORCA|1253|0|3,632|0|
01|0|03|30373|2022-10-05 13:08:58|PR-0432|13940892|2|519454970 LD|87000031440020|009 - ESTAMPAR EM 05 ESTAGIOS|1248|0|3,782|0|
01|0|03|27763|2022-09-14 12:34:34|SP-0462|13721124|3|534902300|87000032460020|035 - SOLDAR PORCA|6000|0|13,333|0|
01|0|02|30346|2022-10-05 12:20:56|SP-0458|13939554|4|94733077|100000032505|035 - SOLDAR PORCA|2519|0|3,905|0|
12|0|02|30011|2022-10-01 21:23:31|PR-0450|12296206|4|53493255 LD|870000327601|004 - ESTAMPAR CPL. PROGRESSIVA|2840|1321|2,532|0,465|
12|0|02|30011|2022-10-01 21:23:31|PR-0450|12296224|4|534932590 LE|870000327701|004 - ESTAMPAR CPL. PROGRESSIVA|2840|1306|2,557|0,46|
01|0|01|27896|2022-09-15 11:22:02|PR-0442|13719010|4|26274521 LE|10000005630020|009 - ESTAMPAR EM 05 ESTAGIOS|10000|1951|13,415|0,195|
01|0|02|30375|2022-10-05 13:26:25|SP-0467|13933099|4|52096923|10000004320020|060 - SOLDAR PARAFUSO PROJECAO|661|654|0,044|0,989|
12|0|03|30376|2022-10-05 13:29:12|GR-0001|12327699|4|534900930 LE|87000031760030|207 - GRAVAR|300|300|0|1|
01|0|04|30347|2022-10-05 12:21:38|SP-0458|13939534|3|94733074|100000032504|035 - SOLDAR PORCA|2000|0|5,602|0|
12|0|01|30012|2022-10-01 21:46:27|RM-0001|12293780|4|53489530 LD|870000319206|037 - MONTAR E SOLDAR MIG|400|380|0,159|0,95|
12|0|01|30012|2022-10-01 21:46:27|RM-0001|12294882|4|53489593 LE|870000319406|037 - MONTAR E SOLDAR MIG|400|379|0,167|0,948|
01|0|05|30348|2022-10-05 12:22:02|SP-0458|13939460|3|94733064|100000032404|035 - SOLDAR PORCA|2000|0|5,333|0|
12|0|02|30013|2022-10-01 21:49:14|RM-0001|12289698|4|521432780|870000316000|037 - MONTAR E SOLDAR MIG|300|300|0|1|
12|0|01|30014|2022-10-01 22:35:53|PR-0427|12298354|4|53490331 LD|87000031920920|007 - ESTAMPAR EM 03 ESTAGIOS|1200|912|2,4|0,76|
12|0|01|30014|2022-10-01 22:35:53|PR-0427|12299231|4|53490339 LE|87000031940920|007 - ESTAMPAR EM 03 ESTAGIOS|1200|912|2,4|0,76|
01|0|04|30349|2022-10-05 12:22:13|SP-0460|13933187|3|52120740|100000045303|035 - SOLDAR PORCA|5000|0|9,074|0|
01|0|06|30350|2022-10-05 12:22:33|SP-0460|13933699|4|26239202|100000054404|035 - SOLDAR PORCA|3418|0|5,793|0|
01|0|03|30351|2022-10-05 12:22:41|PR-0437|13940268|2|26227975/976|10000005570110|003 - CORTAR BLANK|6000|0|2,4|0|
01|0|06|30352|2022-10-05 12:22:50|SP-0458|13933675|3|26227902|100000054402|035 - SOLDAR PORCA|5500|0|9,483|0|
01|0|03|30018|2022-10-03 05:56:01|BM-0001|13917368|4|52102519|100270045600|065 - COLAR COMPONENTE|1250|0|29,762|0|
01|0|03|30353|2022-10-05 12:23:10|PR-0065|13940300|2|26227979/980|10000005570510|003 - CORTAR BLANK|6000|0|2,308|0|
01|0|04|27512|2022-09-12 12:43:36|PR-0434|13702978|2|W11369752   LE|610003502000|004 - ESTAMPAR CPL. PROGRESSIVA|5000|0|4,464|0|
01|0|05|30354|2022-10-05 12:24:21|SP-0460|13935629|4|519596270|87000031420020|035 - SOLDAR PORCA|4659|0|8,32|0|
01|0|03|30355|2022-10-05 12:28:02|PR-0439|13940563|2|41191450805|410002100002|004 - ESTAMPAR CPL. PROGRESSIVA|4000|0|3,636|0|
01|0|01|30356|2022-10-05 12:31:01|SP-0468|13929582|4|98104343  LE|100000052200|035 - SOLDAR PORCA|1200|242|11,405|0,202|
01|0|07|28534|2022-09-21 07:53:21|PR-0065|13785017|2|5129302060   LD|510003500800|004 - ESTAMPAR CPL. PROGRESSIVA|2800|0|2,059|0|
01|0|08|30462|2022-10-06 08:13:56|PR-0439|13945035|2|8A941-3M6-M000|570002011500|004 - ESTAMPAR CPL. PROGRESSIVA|2000|0|2|0|
01|0|01|30023|2022-10-03 06:47:27|SP-0458|13923498|4|20861372|100000054401|060 - SOLDAR PARAFUSO PROJECAO|6000|5958|0,075|0,993|
01|0|02|30358|2022-10-05 12:33:47|SP-0440|13938113|4|64133-BX000|520001950104|035 - SOLDAR PORCA|1132|0|16,171|0|
01|0|01|30486|2022-10-06 09:12:20|SP-0442|13954998|3|94733064|10000003240430|043 - PONTEAR ABA|2000|0|4,651|0|
01|0|02|30026|2022-10-03 06:51:33|SP-0468|13916348|3|98104342   LD|100000052300|035 - SOLDAR PORCA|1200|0|14,286|0|
01|0|01|30027|2022-10-03 06:54:00|SP-0440|13924830|4|64121-BX000|520001950103|035 - SOLDAR PORCA|1000|996|0,025|0,996|
12|0|04|30377|2022-10-05 13:29:40|GR-0001|12327718|4|534900940 LD|87000031770030|207 - GRAVAR|300|0|1,667|0|
12|0|05|30378|2022-10-05 13:30:16|GR-0001|12327719|2|534900940 LD|87000031770030|207 - GRAVAR|300|0|1,667|0|
01|0|03|27392|2022-09-10 13:08:28|RM-0003|13688983|3|655883P0T000H1 LE|570002009700|037 - MONTAR E SOLDAR MIG|792|0|4,281|0|
01|0|02|27393|2022-09-10 13:08:40|RM-0003|13688978|3|655383P0T000H1 LD|570002009600|037 - MONTAR E SOLDAR MIG|792|0|4,281|0|
01|0|02|30514|2022-10-06 09:55:18|SP-0446|13942680|2|52096923 LE|100000043200|060 - SOLDAR PARAFUSO PROJECAO|2200|0|18,333|0|
01|0|03|30360|2022-10-05 12:36:52|SP-0456|13935394|2|520447290     LE|87000030900010|035 - SOLDAR PORCA|5941|0|17,22|0|
01|0|10|30033|2022-10-03 07:04:40|PR-0129|13923555|2|26239202|10000005440410|004 - ESTAMPAR CPL. PROGRESSIVA|8102|0|3,202|0|
01|0|01|30361|2022-10-05 12:37:13|PR-0447|13929142|4|85523827|100000061502|007 - ESTAMPAR EM 03 ESTAGIOS|2000|0|9,852|0|
12|0|06|30379|2022-10-05 13:31:35|GR-0001|12327700|2|534900930 LE|87000031760030|207 - GRAVAR|300|0|1,667|0|
01|0|01|30361|2022-10-05 12:37:13|PR-0447|13929144|4|85523829|100000061602|007 - ESTAMPAR EM 03 ESTAGIOS|2000|0|9,852|0|
01|0|05|30362|2022-10-05 12:37:18|SP-0456|13935652|2|552825090|87000031610020|035 - SOLDAR PORCA|7000|0|21,212|0|
01|0|04|30363|2022-10-05 12:37:39|SP-0456|13931034|3|1STF415800|160000606000|035 - SOLDAR PORCA|3509|0|14,036|0|
01|0|02|30422|2022-10-05 18:20:30|PR-0444|13931402|4|57115-02140 LD|510003504700|016 - FURAR|2400|1592|2,693|0,663|
01|0|01|30389|2022-10-05 13:54:03|PR-0444|13934800|4|57115-02140 LD|51000350470020|006 - ESTAMPAR EM 02 ESTAGIOS|2400|0|8|0|
01|0|13|30487|2022-10-06 09:14:48|PR-0434|13954433|2|17358-3M6-0000-21|57000201080210|004 - ESTAMPAR CPL. PROGRESSIVA|4000|0|2,667|0|
01|0|01|27438|2022-09-12 06:50:02|RM-0007|13707383|4|521820950|87000032890010|037 - MONTAR E SOLDAR MIG|1944|532|35,3|0,274|
12|0|22|30390|2022-10-05 13:58:58|PR-0450|12327869|4|534895020|87000031860010|003 - CORTAR BLANK|1792|1784|0,009|0,996|
01|0|02|30441|2022-10-06 06:52:26|PR-0447|13937238|4|26227975|100000055701|008 - ESTAMPAR EM 04 ESTAGIOS|3000|0|14,286|0|
01|0|02|30041|2022-10-03 08:38:27|PR-0434|13927018|4|26290065|10000005570810|004 - ESTAMPAR CPL. PROGRESSIVA|5693|0|5,581|0|
01|0|02|30041|2022-10-03 08:38:27|PR-0434|13927072|4|26290066|10000005571510|004 - ESTAMPAR CPL. PROGRESSIVA|5693|0|5,845|0|
01|0|02|30441|2022-10-06 06:52:26|PR-0447|13937262|4|26227976|100000055702|008 - ESTAMPAR EM 04 ESTAGIOS|3000|0|14,286|0|
01|0|03|27508|2022-09-12 11:54:17|PR-0434|13702983|2|W11369754   LD|610003502100|004 - ESTAMPAR CPL. PROGRESSIVA|5000|0|4,348|0|
01|0|02|30367|2022-10-05 12:59:15|SP-0454|13933199|3|52096966 LD|100000045700|060 - SOLDAR PARAFUSO PROJECAO|3211|0|8,919|0|
12|0|11|30045|2022-10-03 09:12:28|PR-0423|12313279|4|FA00ADG05262_POS03|87000032840310|003 - CORTAR BLANK|2355|0|1,963|0|
01|0|02|30493|2022-10-06 09:22:26|SP-0460|13920403|4|26227902|100000054402|035 - SOLDAR PORCA|5300|1605|6,371|0,303|
01|0|03|30368|2022-10-05 12:59:35|SP-0454|13933205|3|52096969 LE|100000045800|060 - SOLDAR PARAFUSO PROJECAO|3313|0|8,387|0|
01|0|02|30369|2022-10-05 13:04:40|TK-0001|13935506|4|517169880|87000031070230|060 - SOLDAR PARAFUSO PROJECAO|4000|1292|15,128|0,323|
12|0|44|30370|2022-10-05 13:04:47|RP-0003|12327380|4|533207750|870000328000|043 - PONTEAR ABA|600|542|0,242|0,903|
01|0|01|30428|2022-10-05 21:35:29|PR-0426|13720045|4|39410-04BF0|52000195100010|004 - ESTAMPAR CPL. PROGRESSIVA|14000|0|8,75|0|
01|0|01|30428|2022-10-05 21:35:29|PR-0426|13720045|4|39410-04BF0|52000195100010|004 - ESTAMPAR CPL. PROGRESSIVA|14000|0|7,735|0|
12|0|44|30370|2022-10-05 13:04:47|RP-0003|12327395|4|533272060|870000328100|043 - PONTEAR ABA|600|392|0,867|0,653|
01|0|03|30515|2022-10-06 09:57:34|SP-0465|13949805|3|52096923|10000004320010|055 - MONTAR COMP.E SOLDAR PONTO|2200|0|12,941|0|
12|0|45|30372|2022-10-05 13:05:58|RP-0003|12326855|4|534164540 LD|870000324000|038 - MONTAR CJ. FINAL|450|296|2,232|0,658|
01|1|08|28406|2022-09-20 10:03:12|PR-0447|13782947|2|26402678|100000063900|009 - ESTAMPAR EM 05 ESTAGIOS|1000|0|4,673|0|PEÇAS NOVA G.M
01|1|08|28406|2022-09-20 10:03:12|PR-0447|13770571|2|26402679|100000064000|009 - ESTAMPAR EM 05 ESTAGIOS|1000|0|4,673|0|PEÇAS NOVA G.M
12|0|45|30372|2022-10-05 13:05:58|RP-0003|12326876|4|534164550 LE|870000324100|038 - MONTAR CJ. FINAL|450|402|0,696|0,893|
12|0|02|30391|2022-10-05 14:04:54|PR-0427|12313883|4|534895020|870000318600|008 - ESTAMPAR EM 04 ESTAGIOS|800|947|0|1,184|
01|0|18|30527|2022-10-06 11:33:48|PR-0447|13946949|2|98104351|10000005240010|003 - CORTAR BLANK|2000|0|2|0|
01|0|10|30528|2022-10-06 11:35:02|PR-0437|13953505|2|94763425|100000042602|004 - ESTAMPAR CPL. PROGRESSIVA|4381|0|1,425|0|
01|1|05|28382|2022-09-20 08:38:47|PR-0443|13782937|2|26275412 LE|100000064600|009 - ESTAMPAR EM 05 ESTAGIOS|200|0|0,444|0|PEÇAS NOVA G.M
01|0|06|30059|2022-10-03 09:46:18|PR-0420|13880111|2|52131212|100000049300|008 - ESTAMPAR EM 04 ESTAGIOS|1303|0|4,009|0|
12|0|02|30392|2022-10-05 14:06:58|BM-0002|12325727|4|534898310|870000318400|065 - COLAR COMPONENTE|168|168|0|1|
01|0|08|28419|2022-09-20 11:30:57|PR-0434|13779053|2|FA00ADG17025|870000314101|004 - ESTAMPAR CPL. PROGRESSIVA|6000|0|3,856|0|
12|0|04|30393|2022-10-05 14:21:53|PR-0427|12331982|4|203085 LE|87000032710020|006 - ESTAMPAR EM 02 ESTAGIOS|1050|0|3,5|0|
01|0|01|30394|2022-10-05 14:23:20|PR-0437|13940154|4|26247273_274|10000005480710|003 - CORTAR BLANK|8000|1760|1,902|0,22|
01|0|07|30529|2022-10-06 11:35:58|PR-0186|13953500|2|94716571/572|10000004200110|003 - CORTAR BLANK|4399,5|0|1,93|0|
12|0|20|30396|2022-10-05 14:37:19|PR-0428|12326766|4|533281280 LD|870000323400|008 - ESTAMPAR EM 04 ESTAGIOS|800|914|0|1,143|
01|1|05|28407|2022-09-20 10:05:17|PR-0447|13782948|2|BHU51174|100000063201|004 - ESTAMPAR CPL. PROGRESSIVA|1500|0|2,143|0|PEÇAS NOVA G.M
12|0|01|30064|2022-10-03 09:58:16|PR-0454|12297929|4|53490309 LD|87000031920120|009 - ESTAMPAR EM 05 ESTAGIOS|960|914|0,219|0,952|
12|0|01|30064|2022-10-03 09:58:16|PR-0454|12306697|4|53490364 LE|870000319401|009 - ESTAMPAR EM 05 ESTAGIOS|960|900|0,286|0,938|
12|0|20|30396|2022-10-05 14:37:19|PR-0428|12326775|4|533281290 LE|870000323500|008 - ESTAMPAR EM 04 ESTAGIOS|800|914|0|1,143|
12|0|01|30397|2022-10-05 14:40:10|PR-0452|12331564|4|533281280_290|87000032340010|003 - CORTAR BLANK|4375|4264|0,1|0,975|
01|0|14|30488|2022-10-06 09:15:05|PR-0434|13954422|2|17358-3M6-0000-20|57000201080110|004 - ESTAMPAR CPL. PROGRESSIVA|4000|0|5,714|0|
12|0|14|30399|2022-10-05 15:08:00|PR-0422|12331814|4|533318770|870000325001|004 - ESTAMPAR CPL. PROGRESSIVA|22820|14809|5,007|0,649|
01|0|01|30076|2022-10-03 12:14:08|SP-0463|13920379|4|26294527|10000005440010|064 - SOLDAR ABA PROJECAO|2500|1525|7,331|0,61|
01|0|05|28430|2022-09-20 11:47:56|PR-0129|13775867|2|552759170|87000031330010|004 - ESTAMPAR CPL. PROGRESSIVA|18478|0|5,8|0|
01|0|02|30077|2022-10-03 12:18:20|TK-0002|13915883|4|26228172|100000056001|036 - SOLDAR PINO|1586|478|8,523|0,301|
01|0|01|30497|2022-10-06 09:31:59|TK-0003|13876212|4|52107896|100000047500|060 - SOLDAR PARAFUSO PROJECAO|600|0|6|0|
12|0|24|30463|2022-10-06 08:15:02|SP-0457|12339461|4|521760430|87000031470020|035 - SOLDAR PORCA|1200|0|2,857|0|
01|0|01|30080|2022-10-03 12:24:04|SP-0455|13925683|4|534940590|87000031720010|055 - MONTAR COMP.E SOLDAR PONTO|5700|0|40,714|0|
01|0|02|30481|2022-10-06 08:55:04|SP-0461|13944551|4|61648K1010 LE|510003501400|035 - SOLDAR PORCA|600|0|1,974|0|
01|0|03|30530|2022-10-06 11:36:40|PR-0252|13946469|2|94716571|100000042001|007 - ESTAMPAR EM 03 ESTAGIOS|4215|0|10,538|0|
01|0|07|28534|2022-09-21 07:53:21|PR-0065|13785022|2|5129402060    LE|510003500900|004 - ESTAMPAR CPL. PROGRESSIVA|2800|0|2,059|0|
01|0|07|27726|2022-09-14 07:59:04|PR-0434|13724361|2|501464330|87000032870010|004 - ESTAMPAR CPL. PROGRESSIVA|6000|0|4,688|0|
12|0|78|30084|2022-10-03 12:45:15|BM-0001|12303285|4|534901160 LE|870000326300|072 - MONTAR E TRAVAR|600|600|0|1|
01|0|01|30404|2022-10-05 16:07:24|PR-0448|13938009|4|57611-02201 LD (360B)|51000350430010|006 - ESTAMPAR EM 02 ESTAGIOS|450|438|0,05|0,973|
01|0|01|30405|2022-10-05 16:08:08|PR-0412|13934770|4|57611-02201 LD (360B)|51000350430020|006 - ESTAMPAR EM 02 ESTAGIOS|450|442|0,033|0,982|
12|0|23|30406|2022-10-05 16:08:58|RO-020|12326348|2|533318900 LD|870000320800|081 - CRAVAR PINO|1500|0|8,333|0|
01|0|04|28416|2022-09-20 11:25:37|PR-0432|13772602|2|521762020 LD|870000329000|009 - ESTAMPAR EM 05 ESTAGIOS|4000|0|16,667|0|
01|0|06|28539|2022-09-21 08:05:12|PR-0129|13788416|4|67361K1010|51000350120010|004 - ESTAMPAR CPL. PROGRESSIVA|12105|4842|3,347|0,4|
12|0|24|30407|2022-10-05 16:09:38|RO-020|12326362|2|533318920 LE|870000320900|081 - CRAVAR PINO|1500|0|8,333|0|
01|0|02|30408|2022-10-05 16:10:12|PR-0448|13844927|4|57612-02211 LE (360B)|51000350440010|006 - ESTAMPAR EM 02 ESTAGIOS|1350|0|5,625|0|
12|0|03|30088|2022-10-03 13:02:31|PR-0427|12187629|4|203084 LD|87000032700020|006 - ESTAMPAR EM 02 ESTAGIOS|1050|0|10,5|0|
01|0|02|30409|2022-10-05 16:10:53|PR-0412|13841730|4|57612-02211 LE (360B)|51000350440020|006 - ESTAMPAR EM 02 ESTAGIOS|1450|0|6,042|0|
12|0|68|30410|2022-10-05 16:11:42|TK-0007|12329990|4|534895720 LE|87000031940020|036 - SOLDAR PINO|72|0|0,837|0|
12|0|68|30410|2022-10-05 16:11:42|TK-0007|12331001|4|53489602 LE|870000319410|036 - SOLDAR PINO|80|0|0,444|0|
12|0|68|30410|2022-10-05 16:11:42|TK-0007|12327885|4|534894510 LE|87000031890010|036 - SOLDAR PINO|85|0|0,988|0|
12|0|68|30410|2022-10-05 16:11:42|TK-0007|12328337|4|534894480 LD|87000031900010|036 - SOLDAR PINO|85|0|0,988|0|
01|0|02|30412|2022-10-05 16:41:29|PR-0439|13936793|4|26227903|100000054403|007 - ESTAMPAR EM 03 ESTAGIOS|2774|0|9,907|0|
12|0|04|30413|2022-10-05 17:06:04|SP-0450|12332745|4|534898310|87000031840050|060 - SOLDAR PARAFUSO PROJECAO|288|0|2,323|0|
12|0|45|30414|2022-10-05 17:31:23|PR-0451|12337130|4|534894500_530 LD/LE|87000031890305|003 - CORTAR BLANK|2204|1607|0,746|0,729|
01|0|04|28416|2022-09-20 11:25:37|PR-0432|13772619|2|521762030 LE|870000329100|009 - ESTAMPAR EM 05 ESTAGIOS|4000|0|16,667|0|
12|0|46|30415|2022-10-05 17:33:15|PR-0451|12336935|4|534164520_530|87000032380110|003 - CORTAR BLANK|2999|0|2,499|0|
01|0|08|30489|2022-10-06 09:16:42|PR-0443|13954060|2|26228172|10000005600120|009 - ESTAMPAR EM 05 ESTAGIOS|4000|0|6,667|0|
01|0|14|30490|2022-10-06 09:17:39|PR-0065|13951863|2|68124TRYAM000H1(1)|57000200250110|003 - CORTAR BLANK|1000|0|2|0|
12|0|03|30495|2022-10-06 09:28:15|PR-0452|12348883|4|534976090 LE|87000031790110|003 - CORTAR BLANK|1160|0|2,32|0|
12|0|69|30429|2022-10-05 21:53:33|TK-0007|12328281|4|534894530 LE|870000318903|036 - SOLDAR PINO|85|0|0,708|0|
12|0|02|30417|2022-10-05 17:37:28|PR-0452|12337074|4|534976080 LD|87000031780110|003 - CORTAR BLANK|1379|0|2,758|0|
12|0|47|30418|2022-10-05 17:39:24|PR-0451|12335182|3|533764800_810|87000032110010|003 - CORTAR BLANK|1000|0|1,25|0|
01|0|01|30419|2022-10-05 18:00:25|RM-0004|13931014|4|1STF138000   LH LE|160000604800|037 - MONTAR E SOLDAR MIG|900|0|26,471|0|
01|0|02|30420|2022-10-05 18:01:31|RM-0004|13931022|4|1STF139000 RH LD|160000604900|037 - MONTAR E SOLDAR MIG|900|0|26,471|0|
01|0|01|27896|2022-09-15 11:22:02|PR-0442|13719020|4|26274522 LD|10000005640020|009 - ESTAMPAR EM 05 ESTAGIOS|10000|1952|13,413|0,195|
01|0|02|30421|2022-10-05 18:19:04|PR-0443|13938040|4|57115-02140 LD|51000350470010|046 - FORMAR|2400|796|5,347|0,332|
01|0|01|30423|2022-10-05 18:26:42|PR-0443|13938048|4|57116-02150 LE|51000350480010|046 - FORMAR|1800|0|6|0|
01|0|01|30486|2022-10-06 09:12:20|SP-0442|13955038|3|94733074|10000003250430|043 - PONTEAR ABA|2000|0|3,922|0|
12|0|30|30427|2022-10-05 19:58:33|RM-0002|12329532|4|53490336 LD|870000319203|037 - MONTAR E SOLDAR MIG|300|262|0,215|0,873|
12|0|30|30427|2022-10-05 19:58:33|RM-0002|12330614|4|53490335 LE|870000319403|037 - MONTAR E SOLDAR MIG|300|0|1,695|0|
12|0|69|30429|2022-10-05 21:53:33|TK-0007|12331002|4|53489602 LE|870000319410|036 - SOLDAR PINO|80|0|0,444|0|
01|1|11|30464|2022-10-06 08:15:52|PR-0438|13951866|2|60640TRYAM00250|57000200280110|003 - CORTAR BLANK|1000|0|0,726|0|PRODUZIR SOMENTE 1000 PÇS
01|0|02|30431|2022-10-05 22:10:06|RP-0010|13932979|4|52079188|100000040700|055 - MONTAR COMP.E SOLDAR PONTO|500|232|7,882|0,464|
01|0|04|30432|2022-10-05 23:04:37|PR-0420|13934081|2|26312794|100000060601|016 - FURAR|3000|0|8,333|0|
12|0|58|30433|2022-10-05 23:35:31|SP-0472|12334188|4|534895720 LE|87000031940010|035 - SOLDAR PORCA|72|0|0,9|0|
12|0|58|30433|2022-10-05 23:35:31|SP-0472|12328914|4|534895200 LD|87000031920010|208 - SOLDAR PORCA E PARAFUSO|72|0|1,8|0|
01|0|05|28291|2022-09-19 14:07:14|PR-0419|13757597|4|A20140002|110000331400|004 - ESTAMPAR CPL. PROGRESSIVA|4658|0|4,658|0|
01|0|01|30434|2022-10-06 05:37:12|PR-0419|13956207|4|520866550|870000330600|004 - ESTAMPAR CPL. PROGRESSIVA|500|251|0,156|0,502|
01|0|07|30435|2022-10-06 06:31:51|PR-0444|13946325|2|52.015.593|100000034201|008 - ESTAMPAR EM 04 ESTAGIOS|1500|0|7,653|0|
12|0|70|30436|2022-10-06 06:32:22|TK-0007|12340167|4|534894480 LD|87000031900010|036 - SOLDAR PINO|85|0|0,988|0|
01|0|16|30437|2022-10-06 06:36:16|PR-0447|13943167|2|26260407  LD|100000058100|004 - ESTAMPAR CPL. PROGRESSIVA|6000|0|6,667|0|
01|0|04|30438|2022-10-06 06:46:31|PR-0448|13937286|2|26227977|100000055703|009 - ESTAMPAR EM 05 ESTAGIOS|3000|0|12|0|
01|0|08|30442|2022-10-06 07:05:16|PR-0426|13947231|2|26254836/837|10000005550010|003 - CORTAR BLANK|5000|0|2,778|0|
01|0|10|30443|2022-10-06 07:06:15|PR-0446|13943073|2|26254836     LE|100000055500|009 - ESTAMPAR EM 05 ESTAGIOS|3000|0|13,636|0|
01|0|03|30440|2022-10-06 06:51:45|PR-0446|13937333|4|26227979|100000055705|008 - ESTAMPAR EM 04 ESTAGIOS|3000|0|13,043|0|
01|0|03|30440|2022-10-06 06:51:45|PR-0446|13937357|4|26227980|100000055706|008 - ESTAMPAR EM 04 ESTAGIOS|3000|0|13,043|0|
01|0|10|30443|2022-10-06 07:06:15|PR-0446|13943096|2|26254837     LD|100000055600|009 - ESTAMPAR EM 05 ESTAGIOS|3000|0|13,636|0|
01|0|11|30444|2022-10-06 07:07:56|PR-0446|13942880|2|94714803  LD|100000051700|008 - ESTAMPAR EM 04 ESTAGIOS|2000|0|8,696|0|
01|0|11|30444|2022-10-06 07:07:56|PR-0446|13942891|2|94714804  LE|100000051800|008 - ESTAMPAR EM 04 ESTAGIOS|2000|0|8,696|0|
01|0|17|30445|2022-10-06 07:08:49|PR-0447|13943030|2|26254835|100000055000|004 - ESTAMPAR CPL. PROGRESSIVA|6000|0|5|0|
01|0|04|30446|2022-10-06 07:10:21|PR-0251|13951096|2|52102375/376|10000005690010|003 - CORTAR BLANK|2000|0|1,026|0|
01|0|12|30447|2022-10-06 07:11:05|PR-0446|13947361|2|52102375   LE|100000056900|008 - ESTAMPAR EM 04 ESTAGIOS|2000|0|8,696|0|
01|0|12|30447|2022-10-06 07:11:05|PR-0446|13947372|2|52102376    LD|100000057000|008 - ESTAMPAR EM 04 ESTAGIOS|2000|0|8,696|0|
01|0|13|30448|2022-10-06 07:12:17|PR-0446|13942788|2|52131199 LD|100000049800|006 - ESTAMPAR EM 02 ESTAGIOS|1500|0|5|0|
01|0|13|30448|2022-10-06 07:12:17|PR-0446|13942799|2|52131200 LE|100000049900|006 - ESTAMPAR EM 02 ESTAGIOS|1500|0|5|0|
01|0|03|30530|2022-10-06 11:36:40|PR-0252|13949760|2|94716572|100000042101|007 - ESTAMPAR EM 03 ESTAGIOS|4756|0|11,89|0|
01|0|24|30450|2022-10-06 07:21:17|BM-0009|13944210|4|A20788901|110000330700|034 - MONTAR COMPONENTES E REBITAR|1512|216|9,969|0,143|
01|0|45|30451|2022-10-06 07:23:06|BM-0002|13945784|4|501464340|870000328800|072 - MONTAR E TRAVAR|1500|0|15|0|
01|0|30|30452|2022-10-06 07:25:46|BM-0005|13945389|4|520458050|870000311800|038 - MONTAR CJ. FINAL|2506|0|6,112|0|
01|0|08|30453|2022-10-06 07:26:03|PR-0419|13949330|2|533770610|87000031990020|007 - ESTAMPAR EM 03 ESTAGIOS|64|0|0,229|0|
01|0|02|30454|2022-10-06 07:26:26|PR-0419|13950970|4|26227988|100000055711|007 - ESTAMPAR EM 03 ESTAGIOS|2700|0|9,31|0|
01|0|02|30454|2022-10-06 07:26:26|PR-0419|13950993|4|26227989|100000055712|007 - ESTAMPAR EM 03 ESTAGIOS|2700|0|9,31|0|
01|0|26|30455|2022-10-06 07:28:51|RO-018|13949319|4|533267730 LE|87000031980030|085 - REBITAR|5840|0|20,857|0|
01|0|03|30456|2022-10-06 07:51:19|PR-0438|13956189|2|B3G-F7321-00|16000060730110|003 - CORTAR BLANK|2000|0|5,181|0|
01|0|05|28571|2022-09-21 12:11:38|PR-0430|13788619|2|60714-T7T-M000-H1|570002000901|010 - ESTAMPAR EM 06 ESTAGIOS|3000|0|8,824|0|
01|0|03|30457|2022-10-06 08:02:04|PR-0123|13955434|2|5RMF741A00|16000060520030|024 - DOBRAR|1500|0|3|0|
01|0|03|30458|2022-10-06 08:03:01|PR-0085|13954217|2|5RMF741A00|16000060520040|006 - ESTAMPAR EM 02 ESTAGIOS|1500|0|3|0|
01|0|05|30459|2022-10-06 08:06:06|PR-0251|13947905|2|2CCF419200|16000060180020|006 - ESTAMPAR EM 02 ESTAGIOS|4000|0|10|0|
01|0|07|30460|2022-10-06 08:09:24|PR-0448|13948190|2|6313302250|510003503500|004 - ESTAMPAR CPL. PROGRESSIVA|3000|0|3,797|0|
01|0|08|30461|2022-10-06 08:10:18|PR-0448|13948206|2|6312802110|510003503600|004 - ESTAMPAR CPL. PROGRESSIVA|3000|0|3|0|
01|1|11|30464|2022-10-06 08:15:52|PR-0438|13951869|2|60690TRYAM00050|57000200290110|003 - CORTAR BLANK|1000|0|0,726|0|PRODUZIR SOMENTE 1000 PÇS
01|0|04|28670|2022-09-22 07:43:04|PR-0186|13804976|2|4B4-F4192-00|16000060180010|014 - REPUXAR|4000|0|1,541|0|
01|1|06|30465|2022-10-06 08:17:21|PR-0435|13948400|2|60640TRYAM00250|570002002801|009 - ESTAMPAR EM 05 ESTAGIOS|1000|0|3,125|0|PRODUZIR SOMENTE 1000 PÇS
01|1|07|30466|2022-10-06 08:19:45|PR-0435|13948406|2|60690TRYAM00050|570002002901|009 - ESTAMPAR EM 05 ESTAGIOS|1000|0|3,125|0|PRODUZIR SOMENTE 1000 PÇS
01|0|06|30467|2022-10-06 08:22:13|PR-0186|13951855|2|50275/50276 ( BUMERANG )|57000200130010|003 - CORTAR BLANK|7988|0|3,043|0|
01|0|09|30468|2022-10-06 08:23:58|PR-0439|13948457|2|60932-T9L-M000-50|570002006901|004 - ESTAMPAR CPL. PROGRESSIVA|10050|0|4,17|0|
01|0|09|30469|2022-10-06 08:24:54|PR-0426|13951841|2|74625/74675-T9A|57000200030010|003 - CORTAR BLANK|3000|0|1,546|0|
01|0|06|30470|2022-10-06 08:26:18|PR-0154|13948333|2|74625|57000200030020|007 - ESTAMPAR EM 03 ESTAGIOS|1500|0|5,556|0|
01|0|06|30470|2022-10-06 08:26:18|PR-0154|13948338|2|74675|57000200040020|007 - ESTAMPAR EM 03 ESTAGIOS|1500|0|5,556|0|
01|0|03|28154|2022-09-19 07:15:45|PR-0129|13757678|2|1STF211200 LD|160000606500|004 - ESTAMPAR CPL. PROGRESSIVA|10000|0|5,405|0|
01|0|07|30471|2022-10-06 08:27:04|PR-0154|13944825|2|74625-T9A     LD|570002000300|007 - ESTAMPAR EM 03 ESTAGIOS|1500|0|4,688|0|
01|0|07|30471|2022-10-06 08:27:04|PR-0154|13944830|2|74675-T9A     LE|570002000400|007 - ESTAMPAR EM 03 ESTAGIOS|1500|0|4,688|0|
01|0|02|30472|2022-10-06 08:29:39|PR-0129|13956044|4|94733064/074|10000003240410|003 - CORTAR BLANK|5194|0|1,731|0|
01|0|03|28162|2022-09-19 07:23:27|PR-0448|13761440|4|6314302270|510003503300|004 - ESTAMPAR CPL. PROGRESSIVA|3422|0|3,845|0|
01|0|04|30473|2022-10-06 08:32:25|SP-0433|13951377|3|52169075 LD|10000006660010|055 - MONTAR COMP.E SOLDAR PONTO|614|0|15,35|0|
01|0|04|30474|2022-10-06 08:33:42|SP-0470|13949937|2|52147462|10000004880010|055 - MONTAR COMP.E SOLDAR PONTO|170|0|2,615|0|
01|0|03|30475|2022-10-06 08:34:17|SP-0470|13950038|3|52157230|10000004950020|055 - MONTAR COMP.E SOLDAR PONTO|800|0|12,5|0|
01|0|02|30476|2022-10-06 08:35:05|SP-0470|13950018|3|52157230|10000004950010|055 - MONTAR COMP.E SOLDAR PONTO|800|0|12,308|0|
01|0|28|30477|2022-10-06 08:37:27|RO-016|13945952|4|552681900|870040306800|072 - MONTAR E TRAVAR|6050|0|17,286|0|
01|0|04|28546|2022-09-21 09:17:27|PR-0426|13786763|2|94763548|100000041801|004 - ESTAMPAR CPL. PROGRESSIVA|4000|0|2,596|0|
12|0|21|30478|2022-10-06 08:38:13|PR-0428|12187629|4|203084 LD|87000032700020|006 - ESTAMPAR EM 02 ESTAGIOS|1050|0|10,5|0|
12|0|21|30478|2022-10-06 08:38:13|PR-0428|12331982|4|203085 LE|87000032710020|006 - ESTAMPAR EM 02 ESTAGIOS|1050|0|3,5|0|
12|0|71|30479|2022-10-06 08:38:48|TK-0007|12340108|4|534894530 LE|870000318903|036 - SOLDAR PINO|85|0|0,708|0|
01|0|30|30480|2022-10-06 08:39:22|BM-0011|13946298|4|5043462|930000410200|047 - LAVAR PECAS|11900|0|9,917|0|
01|0|30|30480|2022-10-06 08:39:22|BM-0011|13946298|4|5043462|930000410200|039 - TAMBOREAR|11900|0|9,917|0|
01|0|30|30480|2022-10-06 08:39:22|BM-0011|13946298|4|5043462|930000410200|072 - MONTAR E TRAVAR|11900|0|54,091|0|
01|0|02|30482|2022-10-06 09:00:23|SP-0443|13954405|3|64181-BX000 LD|52000195011520|043 - PONTEAR ABA|4264|0|16,4|0|
01|0|01|30483|2022-10-06 09:06:34|RM-0003|13946371|4|52.015.586|100000034208|037 - MONTAR E SOLDAR MIG|3879|0|18,471|0|
01|0|04|30484|2022-10-06 09:09:55|PR-0444|13840986|4|94755855 LE|100000059201|008 - ESTAMPAR EM 04 ESTAGIOS|1771|0|8,433|0|
01|0|04|30484|2022-10-06 09:09:55|PR-0444|13840997|4|94755856 LD|100000059301|008 - ESTAMPAR EM 04 ESTAGIOS|1771|0|8,433|0|
01|0|02|30485|2022-10-06 09:10:24|SP-0462|13951050|3|26228172|10000005600130|060 - SOLDAR PARAFUSO PROJECAO|1225|0|6,125|0|
01|0|03|30491|2022-10-06 09:18:49|SP-0458|13953195|3|94733067|100000032405|035 - SOLDAR PORCA|2519|0|4,498|0|
01|0|05|30492|2022-10-06 09:21:24|PR-0448|13952028|2|A0060519|64000071050010|004 - ESTAMPAR CPL. PROGRESSIVA|20000|0|22,222|0|
01|0|03|30494|2022-10-06 09:26:16|SP-0460|13933675|3|26227902|100000054402|035 - SOLDAR PORCA|5500|0|9,483|0|
01|0|03|30496|2022-10-06 09:30:01|TK-0001|13948996|3|517169880|87000031070230|060 - SOLDAR PARAFUSO PROJECAO|2000|0|11,173|0|
01|0|01|30498|2022-10-06 09:33:06|SP-0453|13942495|4|94763433 LD|100000039300|060 - SOLDAR PARAFUSO PROJECAO|2200|0|7,857|0|
12|0|02|30499|2022-10-06 09:34:37|SP-0444|12337968|4|533617760 LD|870000319500|035 - SOLDAR PORCA|800|0|2|0|
01|0|02|30501|2022-10-06 09:35:17|SP-0463|13953443|3|94763412|100000040503|060 - SOLDAR PARAFUSO PROJECAO|2000|0|5,882|0|
12|0|01|30502|2022-10-06 09:35:21|SP-0444|12337980|4|533617770 LE|870000319600|035 - SOLDAR PORCA|800|0|2|0|
12|0|05|30503|2022-10-06 09:38:07|SP-0450|12339504|4|521432780|87000031600010|035 - SOLDAR PORCA|700|0|2,917|0|
12|0|05|30504|2022-10-06 09:39:50|SP-0452|12273113|2|534895810 LD|87000031780010|055 - MONTAR COMP.E SOLDAR PONTO|250|0|2,5|0|
12|0|06|30505|2022-10-06 09:40:11|SP-0452|12268053|2|534895810 LD|87000031780020|060 - SOLDAR PARAFUSO PROJECAO|250|0|1,25|0|
12|0|01|30506|2022-10-06 09:46:13|SP-0469|12343453|4|519000180 LD|870000323803|035 - SOLDAR PORCA|1000|479|1,158|0,479|
01|0|02|30507|2022-10-06 09:48:51|PR-0154|13947075|4|26227987 LE|100000054305|009 - ESTAMPAR EM 05 ESTAGIOS|4000|0|16|0|
01|0|02|30507|2022-10-06 09:48:51|PR-0154|13947085|4|26227995 LD|100000054306|009 - ESTAMPAR EM 05 ESTAGIOS|4000|0|16|0|
12|0|01|30508|2022-10-06 09:50:04|SP-0459|12338476|4|534183370 LE|870000322300|035 - SOLDAR PORCA|1000|0|4,167|0|
12|0|02|30509|2022-10-06 09:51:17|SP-0459|12338492|4|534183380 LD|870000322400|035 - SOLDAR PORCA|1000|0|4,167|0|
01|0|04|30511|2022-10-06 09:53:56|SP-0454|13944510|2|5159102080 LD|510003500400|035 - SOLDAR PORCA|2041|0|6,111|0|
01|0|05|30512|2022-10-06 09:54:10|SP-0454|13944515|2|5159202080      LE|510003500500|035 - SOLDAR PORCA|2042|0|6,006|0|
01|0|07|30513|2022-10-06 09:54:29|SP-0454|13942541|2|52086569 LE|100000041800|035 - SOLDAR PORCA|2200|0|6,667|0|
01|0|04|30516|2022-10-06 09:58:14|SP-0465|13950417|2|26240511|100000054802|035 - SOLDAR PORCA|550|0|2,03|0|
01|0|06|30517|2022-10-06 10:00:00|PR-0439|13942924|2|98104351|100000052400|007 - ESTAMPAR EM 03 ESTAGIOS|700|0|2,258|0|
01|0|06|30518|2022-10-06 10:05:38|PR-0447|13954576|2|FA00ADB48240|870000313602|006 - ESTAMPAR EM 02 ESTAGIOS|2500|0|9,921|0|
01|0|27|30519|2022-10-06 10:30:06|BM-0003|13945840|4|521898530|870000329700|038 - MONTAR CJ. FINAL|1500|0|25|0|
12|0|72|30520|2022-10-06 10:31:59|TK-0007|12341827|4|534895720 LE|87000031940020|036 - SOLDAR PINO|72|0|0,837|0|
12|0|79|30521|2022-10-06 10:44:25|BM-0001|12337569|2|534898310|870000318400|065 - COLAR COMPONENTE|72|0|0,6|0|
12|0|03|30522|2022-10-06 10:45:12|PR-0402|12338929|4|534980400 LD|870000326000|007 - ESTAMPAR EM 03 ESTAGIOS|800|0|4,444|0|
01|1|07|28381|2022-09-20 08:32:09|PR-0447|13770333|2|26275388 LE|100000062100|004 - ESTAMPAR CPL. PROGRESSIVA|3000|0|5|0|PEÇAS NOVA G.M
01|1|07|28381|2022-09-20 08:32:09|PR-0447|13770349|2|262753398 LD|100000062200|004 - ESTAMPAR CPL. PROGRESSIVA|3000|0|5|0|PEÇAS NOVA G.M
12|0|03|30522|2022-10-06 10:45:12|PR-0402|12338951|4|534980410 LE|870000326100|007 - ESTAMPAR EM 03 ESTAGIOS|800|0|4,444|0|
01|1|03|28317|2022-09-19 15:20:38|PR-0447|13764415|2|26296056 LD|10000006090210|004 - ESTAMPAR CPL. PROGRESSIVA|2600|0|3,467|0|PEÇAS NOVA G.M
01|1|04|28318|2022-09-19 15:21:01|PR-0447|13764425|2|26296057 LE|10000006090310|004 - ESTAMPAR CPL. PROGRESSIVA|2600|0|3,467|0|PEÇAS NOVA G.M
12|0|56|30524|2022-10-06 10:57:33|PR-0453|12343264|4|534183370 LE|87000032230010|004 - ESTAMPAR CPL. PROGRESSIVA|3042|0|4,056|0|
12|0|56|30524|2022-10-06 10:57:33|PR-0453|12343280|4|534183380 LD|87000032240010|004 - ESTAMPAR CPL. PROGRESSIVA|3042|0|4,056|0|
12|0|02|30525|2022-10-06 11:01:06|SP-0439|12338284|4|533277840 LD|870000321300|035 - SOLDAR PORCA|1200|0|5,714|0|
12|0|01|30526|2022-10-06 11:01:49|SP-0439|12338300|4|533277950 LE|870000321400|035 - SOLDAR PORCA|1200|0|5,714|0|
01|0|15|30531|2022-10-06 11:37:21|PR-0434|13946484|2|94727786|100000042201|004 - ESTAMPAR CPL. PROGRESSIVA|5000|0|2,941|0|
01|0|15|30531|2022-10-06 11:37:21|PR-0434|13946488|2|94727788|100000042301|004 - ESTAMPAR CPL. PROGRESSIVA|5000|0|2,941|0|
12|0|03|30532|2022-10-06 11:37:49|SP-0439|12342651|4|53489574 LE|870000319407|035 - SOLDAR PORCA|320|0|2,667|0|
01|1|05|28382|2022-09-20 08:38:47|PR-0443|13770625|2|26275422|100000064700|009 - ESTAMPAR EM 05 ESTAGIOS|200|0|0,444|0|PEÇAS NOVA G.M
01|0|04|30533|2022-10-06 11:38:29|PR-0437|13950161|2|98136398/94764796|10000005140110|003 - CORTAR BLANK|5000|0|2,083|0|
12|0|04|30534|2022-10-06 11:39:04|SP-0439|12347384|2|534895150|87000032820210|035 - SOLDAR PORCA|280|0|2,8|0|
01|0|04|30535|2022-10-06 11:39:26|PR-0419|13946882|2|98136398|100000051401|008 - ESTAMPAR EM 04 ESTAGIOS|2500|0|8,333|0|
01|0|04|30535|2022-10-06 11:39:26|PR-0419|13946904|2|94764796|100000051501|008 - ESTAMPAR EM 04 ESTAGIOS|2500|0|8,333|0|
12|0|05|30536|2022-10-06 11:39:39|SP-0439|12343992|2|534895150|870000328202|060 - SOLDAR PARAFUSO PROJECAO|280|0|1,4|0|
01|0|07|30537|2022-10-06 11:40:35|PR-0426|13949852|2|52120739|10000004520010|003 - CORTAR BLANK|9500|0|4,75|0|
01|0|05|30538|2022-10-06 11:41:26|PR-0412|13946619|2|52120739|100000045200|008 - ESTAMPAR EM 04 ESTAGIOS|6000|0|20|0|
01|0|05|30539|2022-10-06 11:42:22|PR-0438|13947383|2|94763873/874|10000005710010|003 - CORTAR BLANK|6000|0|4,054|0|
12|0|03|30540|2022-10-06 11:45:08|SP-0459|12338392|4|533281390 LD|870000321900|035 - SOLDAR PORCA|600|0|2,5|0|
01|0|03|30541|2022-10-06 11:45:23|PR-0442|13943133|2|94763873 LD|100000057100|009 - ESTAMPAR EM 05 ESTAGIOS|6000|0|10|0|
01|0|03|30541|2022-10-06 11:45:23|PR-0442|13943137|2|94763874 LE|100000057200|009 - ESTAMPAR EM 05 ESTAGIOS|6000|0|10|0|
01|1|06|28397|2022-09-20 09:33:31|PR-0443|13782940|2|26275389|100000065000|009 - ESTAMPAR EM 05 ESTAGIOS|2000|0|4,444|0|PEÇAS NOVA G.M
01|1|06|28397|2022-09-20 09:33:31|PR-0443|13782941|2|26275399|100000065100|009 - ESTAMPAR EM 05 ESTAGIOS|2000|0|4,444|0|PEÇAS NOVA G.M
12|0|04|30542|2022-10-06 11:46:20|SP-0459|12338414|4|533281400 LE|870000322000|035 - SOLDAR PORCA|600|0|2,5|0|
01|0|03|30543|2022-10-06 11:53:16|PR-0426|13956040|2|5042125/5043463|93000041010110|003 - CORTAR BLANK|12000,5|0|7,059|0|
12|0|02|30544|2022-10-06 11:54:49|SP-0469|12343551|4|519002640 LE|870000323903|035 - SOLDAR PORCA|800|0|1,778|0|
01|0|06|28427|2022-09-20 11:41:45|PR-0437|13782279|2|520294020|870000307401|004 - ESTAMPAR CPL. PROGRESSIVA|5000|0|2,971|0|
01|0|03|30545|2022-10-06 11:55:35|PR-0419|13953138|2|5043463|93000041020120|008 - ESTAMPAR EM 04 ESTAGIOS|8273|0|15,015|0|
01|0|01|28432|2022-09-20 11:51:47|PR-0434|13779395|4|533272410|87000032510010|004 - ESTAMPAR CPL. PROGRESSIVA|12000|1967|7,544|0,164|
01|0|04|28546|2022-09-21 09:17:27|PR-0426|13786769|2|94763549|100000041901|004 - ESTAMPAR CPL. PROGRESSIVA|4000|0|2,596|0|
01|0|04|28460|2022-09-20 13:03:47|PR-0129|13779229|2|534864530|87000031710010|004 - ESTAMPAR CPL. PROGRESSIVA|12000|0|5,854|0|
01|0|07|28461|2022-09-20 13:04:37|PR-0437|13779207|2|534864550|87000031700010|004 - ESTAMPAR CPL. PROGRESSIVA|12000|0|5|0|
01|0|02|28462|2022-09-20 13:05:37|PR-0438|13776057|4|463488170|87000031750010|004 - ESTAMPAR CPL. PROGRESSIVA|10094|0|5,735|0|
01|0|06|28466|2022-09-20 13:19:47|PR-0419|13771254|4|A20140004|110000331500|004 - ESTAMPAR CPL. PROGRESSIVA|4658|0|4,658|0|
01|0|04|28600|2022-09-21 14:47:21|PR-0438|13787435|2|26227900|100000054303|004 - ESTAMPAR CPL. PROGRESSIVA|11953|0|6,641|0|
12|0|05|28617|2022-09-21 15:12:51|PR-0427|12181579|4|203084 LD|450000560100|006 - ESTAMPAR EM 02 ESTAGIOS|1050|0|10,5|0|
12|0|05|28617|2022-09-21 15:12:51|PR-0427|12181589|4|203085 LE|450000560400|006 - ESTAMPAR EM 02 ESTAGIOS|1050|0|10,5|0|
01|0|06|28630|2022-09-21 15:53:46|PR-0438|13795068|2|52071248_249|10000003240110|003 - CORTAR BLANK|6000|0|2,614|0|
01|0|07|28631|2022-09-21 15:54:47|PR-0438|13795081|2|52147460_461|10000003240210|003 - CORTAR BLANK|6000|0|2,614|0|
01|0|02|29180|2022-09-26 14:20:00|PR-0432|13847871|4|519454960 LE|87000031430020|009 - ESTAMPAR EM 05 ESTAGIOS|4000|0|11,111|0|
01|0|02|28719|2022-09-22 09:02:57|PR-0186|13803428|4|52120740(1)|100000045302|004 - ESTAMPAR CPL. PROGRESSIVA|8000|0|3,565|0|
01|0|07|28746|2022-09-22 10:37:14|PR-0129|13801571|2|72000438|110000312402|004 - ESTAMPAR CPL. PROGRESSIVA|1685|0|1,915|0|
01|0|01|29109|2022-09-26 09:14:00|PR-0085|13842983|4|98.104.507|100000034207|003 - CORTAR BLANK|25000|2101|8,98|0,084|
01|0|04|28794|2022-09-22 15:16:04|PR-0435|13805112|2|464390A040|51000350240020|008 - ESTAMPAR EM 04 ESTAGIOS|1670|0|5,964|0|
01|0|01|28834|2022-09-23 06:34:22|PR-0435|13811544|4|1STF111H00|160000604700|008 - ESTAMPAR EM 04 ESTAGIOS|4788|0|15,96|0|
01|0|03|28865|2022-09-23 08:58:02|PR-0186|13816663|2|94763865|10000004160110|003 - CORTAR BLANK|9200|0|3,502|0|
01|0|01|29054|2022-09-24 13:30:33|PR-0438|13832317|4|552681910|87000030690110|004 - ESTAMPAR CPL. PROGRESSIVA|15735|15487|0,072|0,984|
01|0|02|29046|2022-09-24 13:02:32|SP-0442|13825626|2|60843T5AA LD|750000350200|035 - SOLDAR PORCA|554|0|3,358|0|
01|0|03|29047|2022-09-24 13:02:43|SP-0442|13825634|2|60943T5AA LE|750000350300|035 - SOLDAR PORCA|554|0|3,358|0|
01|0|11|29082|2022-09-26 07:30:21|PR-0447|13837965|2|A21235601|110000330900|004 - ESTAMPAR CPL. PROGRESSIVA|4500|0|6,429|0|
01|0|01|29181|2022-09-26 14:22:15|PR-0445|13845651|4|519454960 LE|87000031430025|015 - RECORTAR|4000|0|10|0|
01|0|04|29153|2022-09-26 11:45:21|PR-0431|13848756|2|520273070|870000305301|008 - ESTAMPAR EM 04 ESTAGIOS|6103|0|10,898|0|
01|0|02|29264|2022-09-27 07:35:32|PR-0435|13851286|2|1STF111G01|160000606900|007 - ESTAMPAR EM 03 ESTAGIOS|3000|0|7,692|0|
01|0|03|29269|2022-09-27 08:04:46|CELROB-GEM7|13278711|3|26296055|100000060900|055 - MONTAR COMP.E SOLDAR PONTO|200|0|1,504|0|
01|0|01|29251|2022-09-27 06:57:02|SP-0433|13854603|4|52169075 LD|10000006660040|055 - MONTAR COMP.E SOLDAR PONTO|600|658|0|1,097|
01|0|02|29252|2022-09-27 06:58:00|SP-0433|13858030|3|52169078 LE|10000006670010|055 - MONTAR COMP.E SOLDAR PONTO|600|0|15|0|
01|0|02|29272|2022-09-27 08:11:24|RM-0005|13862703|3|26409093|100000063200|037 - MONTAR E SOLDAR MIG|200|0|2,5|0|
01|0|02|29293|2022-09-27 10:00:01|PR-0420|13856501|4|94755345|10000004460020|006 - ESTAMPAR EM 02 ESTAGIOS|2000|0|4,878|0|
01|0|01|29314|2022-09-27 12:19:21|SP-0449|13861632|4|52020259|100000034705|035 - SOLDAR PORCA|1300|0|4,262|0|
